Title,Authors,Year,Venue,ArXiv_or_DOI,Primary_Reason_Excluded,Verification_Provider,Verification_URL,Provenance
"After Talking with 1,000 Personas: Learning Preference-Aligned Proactive Assistants From Large-Scale Persona Interactions","Ziyi Xuan, Yiwen Wu, Zhaoyang Yan, Vinod Namboodiri, Yu Yang",2026,ArXiv,arXiv:2602.04000v1,RL used primarily to improve LLM behavior,arxiv,https://arxiv.org/abs/2602.04000v1,prior_core|targeted_search
Alignment-Induced Flattening in Large Language Models: A 33-Item Reading Comprehension Measure of Atypical Perspective-Taking Across Five Model Families,Shamim Khaliq,2026,,10.21203/rs.3.rs-8879713/v1,Primarily LLM post-training/alignment without explicit RL-environment contribution,openalex,https://openalex.org/W7129201286,papers.csv|pdf_ref|targeted_search
ALOE: Action-Level Off-Policy Evaluation for Vision-Language-Action Model Post-Training,"Rushuai Yang, Hecheng Wang, Chiming Liu, Xiaohan Yan, Yunlong Wang, Xuan Du, Shuoyu Yue, Yongcheng Liu, Chuheng Zhang, Lizhe Qi, Yi Chen, Wei Shan, Maoqing Yao",2026,ArXiv,arXiv:2602.12691v1,Title indicates RL-for-LLM alignment/post-training focus,arxiv,https://arxiv.org/abs/2602.12691v1,pdf_ref|prior_core|targeted_search
"Answer First, Reason Later: Aligning Search Relevance via Mode-Balanced Reinforcement Learning","Shijie Zhang, Xiang Guo, Rujun Guo, Shaoyu Liu, Xiaozhao Wang, Guanjun Jiang, Kevin Zhang",2026,ArXiv,arXiv:2602.10006v1,Primarily RL-based post-training/alignment for LLMs,arxiv,https://arxiv.org/abs/2602.10006v1,targeted_search
Approximation of Log-Partition Function in Policy Mirror Descent Induces Implicit Regularization for LLM Post-Training,"Zhenghao Xu, Qin Lu, Changlong Yu, Tuo Zhao",2026,ArXiv,arXiv:2602.05933v1,Primarily LLM post-training/alignment without explicit RL-environment contribution,arxiv,https://arxiv.org/abs/2602.05933v1,targeted_search
ASTRA: Automated Synthesis of agentic Trajectories and Reinforcement Arenas,"Xiaoyu Tian, Haotian Wang, Shuaiting Chen, Hao Zhou, Kaichi Yu, Yudian Zhang, Jade Ouyang, Junxi Yin, Jiong Chen, Baoyan Guo, Lei Zhang, Junjie Tao, Yuansheng Song, Ming Cui, Chengwei Liu",2026,ArXiv,arXiv:2601.21558v2,RL used primarily to improve LLM behavior,arxiv,https://arxiv.org/abs/2601.21558v2,targeted_search
ASTRA: Automated Synthesis of agentic Trajectories and Reinforcement Arenas,"Xiaoyu Tian, Haotian Wang, Shuaiting Chen, Hao Zhou, Kai-Chi Yu, Yudian Zhang, Jade Ouyang, Junxi Yin, Jiong Chen, Baoyan Guo, Lei Zhang, Junjie Tao, Yuansheng Song, Ming Cui, Chengwei Liu",2026,ArXiv.org,arXiv:2601.21558,RL used primarily to improve LLM behavior,arxiv,https://arxiv.org/abs/2601.21558,targeted_search
Asymmetric Prompt Weighting for Reinforcement Learning with Verifiable Rewards,"Reinhard Heckel, Mahdi Soltanolkotabi, Christos Thramboulidis",2026,ArXiv,arXiv:2602.11128v1,Primarily LLM post-training/alignment without explicit RL-environment contribution,arxiv,https://arxiv.org/abs/2602.11128v1,targeted_search
Bayesian Preference Learning for Test-Time Steerable Reward Models,"Jiwoo Hong, Shao Tang, Zhipeng Wang",2026,ArXiv,arXiv:2602.08819v1,Primarily LLM post-training/alignment without explicit RL-environment contribution,arxiv,https://arxiv.org/abs/2602.08819v1,targeted_search
Bridging Online and Offline RL: Contextual Bandit Learning for Multi-Turn Code Generation,"Ziru Chen, Dongdong Chen, Ruinan Jin, Yingbin Liang, Yujia Xie, Huan Sun",2026,ArXiv,arXiv:2602.03806v1,RL used primarily to improve LLM behavior,arxiv,https://arxiv.org/abs/2602.03806v1,targeted_search
Bridging Online and Offline RL: Contextual Bandit Learning for Multi-Turn Code Generation,"Ziru Chen, Dongdong Chen, Ruinan Jin, Yingbin Liang, Yujia Xie, Huan Sun",2026,arXiv (Cornell University),arXiv:2602.03806,RL used primarily to improve LLM behavior,arxiv,https://arxiv.org/abs/2602.03806,targeted_search
Can vision language models learn intuitive physics from interaction?,"Luca M. Schulze Buschoff, Konstantinos Voudouris, Can Demircan, Eric Schulz",2026,ArXiv,arXiv:2602.06033v1,RL used primarily to improve LLM behavior,arxiv,https://arxiv.org/abs/2602.06033v1,targeted_search
Capability-Oriented Training Induced Alignment Risk,"Yujun Zhou, Yue Huang, Han Bao, Kehan Guo, Zhenwen Liang, Pin-Yu Chen, Tian Gao, Werner Geyer, Nuno Moniz, Nitesh V Chawla, Xiangliang Zhang",2026,ArXiv,arXiv:2602.12124v1,RL used primarily to improve LLM behavior,arxiv,https://arxiv.org/abs/2602.12124v1,targeted_search
Chart Specification: Structural Representations for Incentivizing VLM Reasoning in Chart-to-Code Generation,"Minggui He, Mingchen Dai, Jian Zhang, Yilun Liu, Shimin Tao, Pufan Zeng, Osamu Yoshie, Yuya Ieiri",2026,ArXiv,arXiv:2602.10880v1,RL used primarily to improve LLM behavior,arxiv,https://arxiv.org/abs/2602.10880v1,targeted_search
Chatting with Images for Introspective Visual Thinking,"Junfei Wu, Jian Guan, Qiang Liu, Shu Wu, Liang Wang, Wei Wu, Tieniu Tan",2026,ArXiv,arXiv:2602.11073v2,Primarily RL-based post-training/alignment for LLMs,arxiv,https://arxiv.org/abs/2602.11073v2,targeted_search
CoBA-RL: Capability-Oriented Budget Allocation for Reinforcement Learning in LLMs,"Zhiyuan Yao, Yi-Kai Zhang, Yuxin Chen, Yueqing Sun, Zishan Xu, Yu Yang, Tianhao Hu, Qi Gu, Hui Su, Xunliang Cai",2026,ArXiv,arXiv:2602.03048v3,Primarily LLM post-training/alignment without explicit RL-environment contribution,arxiv,https://arxiv.org/abs/2602.03048v3,targeted_search
compar:IA: The French Government's LLM arena to collect French-language human prompts and preference data,"Lucie Termignon, Simonas Zilinskas, Hadrien Pélissier, Aurélien Barrot, Nicolas Chesnais, Elie Gavoty",2026,ArXiv.org,arXiv:2602.06669,Primarily LLM post-training/alignment without explicit RL-environment contribution,arxiv,https://arxiv.org/abs/2602.06669,targeted_search
Consolidation or Adaptation? PRISM: Disentangling SFT and RL Data via Gradient Concentration,"Yang Zhao, Yangou Ouyang, Xiao Ding, Hepeng Wang, Bibo Cai, Kai Xiong, Jinglong Gao, Zhouhao Sun, Li Du, Bing Qin, Ting Liu",2026,ArXiv,arXiv:2601.07224v1,Primarily RL-based post-training/alignment for LLMs,arxiv,https://arxiv.org/abs/2601.07224v1,targeted_search
D-ORCA: Dialogue-Centric Optimization for Robust Audio-Visual Captioning,"Changli Tang, Tianyi Wang, Fengyun Rao, Jing Lyu, Chao Zhang",2026,ArXiv,arXiv:2602.07960v1,Primarily LLM post-training/alignment without explicit RL-environment contribution,arxiv,https://arxiv.org/abs/2602.07960v1,targeted_search
daVinci-Dev: Agent-native Mid-training for Software Engineering,"Ji Zeng, Dayuan Fu, Tiantian Mi, Yumin Zhuang, Yaxing Huang, Xuefeng Li, Lyumanshan Ye, Muhang Xie, Qishuo Hua, Zhen Huang, Mohan Jiang, Hanning Wang, Jifan Lin, Yang Xiao, Jie Sun, Yunze Wu, Pengfei Liu",2026,arXiv (Cornell University),arXiv:2601.18418,Primarily LLM post-training/alignment without explicit RL-environment contribution,arxiv,https://arxiv.org/abs/2601.18418,targeted_search
DFPO: Scaling Value Modeling via Distributional Flow towards Robust and Generalizable LLM Post-Training,"Dingwei Zhu, Zhiheng Xi, Shihan Dou, Jiahan Li, Chenhao Huang, Junjie Ye, Sixian Li, Mingxu Chai, Yuhui Wang, Yajie Yang, Ming Zhang, Jiazheng Zhang, Shichun Liu, Caishuang Huang, Yunke Zhang, Yuran Wang, Tao Gui, Xipeng Qiu, Qi Zhang, Xuanjing Huang",2026,ArXiv,arXiv:2602.05890v1,Primarily RL-based post-training/alignment for LLMs,arxiv,https://arxiv.org/abs/2602.05890v1,prior_core|targeted_search
DFPO: Scaling Value Modeling via Distributional Flow towards Robust and Generalizable LLM Post-Training,"Dingwei Zhu, Zhiheng Xi, Shihan Dou, Jiahan Li, Chenhao Huang, Junjie Ye, Sixian Li, Mingxu Chai, Yuhui Wang, Yajie Yang, Ming Zhang, Jiazheng Zhang, Shichun Liu, Caishuang Huang, Yunke Zhang, Yuran Wang, Tao Gui, Xipeng Qiu, Qi Zhang, Xuanjing Huang",2026,arXiv (Cornell University),arXiv:2602.05890,Primarily RL-based post-training/alignment for LLMs,arxiv,https://arxiv.org/abs/2602.05890,targeted_search
Do MLLMs Really See It: Reinforcing Visual Attention in Multimodal LLMs,"Siqu Ou, Tianrui Wan, Zhiyuan Zhao, Junyu Gao, Xuelong Li",2026,ArXiv,arXiv:2602.08241v1,Primarily LLM post-training/alignment without explicit RL-environment contribution,arxiv,https://arxiv.org/abs/2602.08241v1,targeted_search
Do We Need Adam? Surprisingly Strong and Sparse Reinforcement Learning with SGD in LLMs,"Sagnik Mukherjee, Lifan Yuan, Pavan Jayasinha, Dilek Hakkani-Tür, Hao Peng",2026,ArXiv,arXiv:2602.07729v1,RL used primarily to improve LLM behavior,arxiv,https://arxiv.org/abs/2602.07729v1,targeted_search
Dr. MAS: Stable Reinforcement Learning for Multi-Agent LLM Systems,"Lang Feng, Longtao Zheng, Shuo He, Fuxiang Zhang, Bo An",2026,ArXiv,arXiv:2602.08847v1,Primarily LLM post-training/alignment without explicit RL-environment contribution,arxiv,https://arxiv.org/abs/2602.08847v1,prior_core|targeted_search
Dr. MAS: Stable Reinforcement Learning for Multi-Agent LLM Systems,"Lang Feng, Longtao Zheng, Shuo He, Fuxiang Zhang, Bo An",2026,arXiv (Cornell University),arXiv:2602.08847,Primarily LLM post-training/alignment without explicit RL-environment contribution,arxiv,https://arxiv.org/abs/2602.08847,targeted_search
DreamHome-Pano: Design-Aware and Conflict-Free Panoramic Interior Generation,"Lulu Chen, Yijiang Hu, Yuanqing Liu, Yulong Li, Yue Yang",2026,ArXiv,arXiv:2602.06494v1,Primarily RL-based post-training/alignment for LLMs,arxiv,https://arxiv.org/abs/2602.06494v1,targeted_search
DriveFine: Refining-Augmented Masked Diffusion VLA for Precise and Robust Driving,"Chenxu Dang, Sining Ang, Yongkang Li, Haochen Tian, Jie Wang, Guang Li, Hangjun Ye, Jie Ma, Long Chen, Yan Wang",2026,ArXiv,arXiv:2602.14577v1,Primarily LLM post-training/alignment without explicit RL-environment contribution,arxiv,https://arxiv.org/abs/2602.14577v1,targeted_search
DrugR: Optimizing Molecular Drugs through LLM-based Explicit Reasoning,"Haoran Liu, Zheni Zeng, Yukun Yan, Yuxuan Chen, Yunduo Xiao",2026,ArXiv,arXiv:2602.08213v1,RL used primarily to improve LLM behavior,arxiv,https://arxiv.org/abs/2602.08213v1,targeted_search
ECHO-2: A Large-Scale Distributed Rollout Framework for Cost-Efficient Reinforcement Learning,"Jie Xiao, Meng Chen, Qingnan Ren, Jingwei Song, Jiaqi Huang, Yangshen Deng, Chris Tong, Wanyi Chen, Suli Wang, Ziqian Bi, Shuo Lu, Yiqun Duan, Xu Wang, Rymon Yu, Ween Yang, Lynn Ai, Eric Yang, Bill Shi",2026,ArXiv,arXiv:2602.02192v3,Primarily RL-based post-training/alignment for LLMs,arxiv,https://arxiv.org/abs/2602.02192v3,prior_core|targeted_search
EnvScaler: Scaling Tool-Interactive Environments for LLM Agent via Programmatic Synthesis,"Xiaoshuai Song, Haofei Chang, Guanting Dong, Yutao Zhu, Zhicheng Dou, Ji-Rong Wen",2026,ArXiv,arXiv:2601.05808v1,RL used primarily to improve LLM behavior,arxiv,https://arxiv.org/abs/2601.05808v1,targeted_search
Evaluating an evidence-guided reinforcement learning framework in aligning light-parameter large language models with decision-making cognition in psychiatric clinical reasoning,"Xinxin Lin, Guangxin Dai, Yi Zhong, Xiang Li, Xue Xiao, Yixin Zhang, Zhengdong Wu, Yongbo Zheng, Runchuan Zhu, Ming Zhao, Huizi Yu, Shuo Wu, Jun Zhao, Lingming Hu, Yumei Wang, Ping Yin, Joey W. Y. Chan, Ngan Yin Chan, Sijing Chen, Yun Kwok Wing, Lin Lu, Xin Ma, Lizhou Fan",2026,ArXiv,arXiv:2602.06449v1,RL used primarily to improve LLM behavior,arxiv,https://arxiv.org/abs/2602.06449v1,papers.csv|targeted_search
Evaluating an evidence-guided reinforcement learning framework in aligning light-parameter large language models with decision-making cognition in psychiatric clinical reasoning,"Xinxin Lin, Guangxin Dai, Yi Zhong, Xiang Li, Xue Xiao, Yixin Zhang, Zhengdong Wu, Yongbo Zheng, Runchuan Zhu, Ming Zhao, Huizi Yu, Shuo Wu, Jun Zhao, Lingming Hu, Yumei Wang, Ping Yin, Joey W. Y. Chan, Natalia Chan, Sijing Chen, Yun Kwok Wing, Lin Lu, Xin Ma, Lizhou Fan",2026,arXiv (Cornell University),arXiv:2602.06449,RL used primarily to improve LLM behavior,arxiv,https://arxiv.org/abs/2602.06449,papers.csv|targeted_search
Evaluating and Enhancing the Vulnerability Reasoning Capabilities of Large Language Models,"Li Lu, Yanjie Zhao, Hongzhou Rao, Kechi Zhang, Haoyu Wang",2026,ArXiv,arXiv:2602.06687v1,Primarily LLM post-training/alignment without explicit RL-environment contribution,arxiv,https://arxiv.org/abs/2602.06687v1,papers.csv|targeted_search
Evaluating and Enhancing the Vulnerability Reasoning Capabilities of Large Language Models,"Li Lu, Yanjie Zhao, Hongzhou Rao, Kechi Zhang, Haoyu Wang",2026,ArXiv.org,arXiv:2602.06687,Primarily LLM post-training/alignment without explicit RL-environment contribution,arxiv,https://arxiv.org/abs/2602.06687,papers.csv|targeted_search
Evaluating and Rewarding LALMs for Expressive Role-Play TTS via Mean Continuation Log-Probability,"Yong Ren, Jingbei Li, Haiyang Sun, Yujie Chen, Cheng Yi, Yong Huang, Hao Gu, Ye Bai, Xuerui Yang",2026,ArXiv.org,arXiv:2601.22661,Primarily LLM post-training/alignment without explicit RL-environment contribution,arxiv,https://arxiv.org/abs/2601.22661,targeted_search
Expanding the Capabilities of Reinforcement Learning via Text Feedback,"Yuda Song, Lili Chen, Fahim Tajwar, Remi Munos, Deepak Pathak, J. Andrew Bagnell, Aarti Singh, Andrea Zanette",2026,ArXiv,arXiv:2602.02482v2,Primarily LLM post-training/alignment without explicit RL-environment contribution,arxiv,https://arxiv.org/abs/2602.02482v2,targeted_search
f-GRPO and Beyond: Divergence-Based Reinforcement Learning Algorithms for General LLM Alignment,"Rajdeep Haldar, Lantao Mei, Guang Lin, Yue Xing, Qifan Song",2026,ArXiv,arXiv:2602.05946v2,Primarily LLM post-training/alignment without explicit RL-environment contribution,arxiv,https://arxiv.org/abs/2602.05946v2,targeted_search
Fine-Tuning GPT-5 for GPU Kernel Generation,"Ali Tehrani, Yahya Emara, Essam Wissam, Wojciech Paluch, Waleed Atallah, Łukasz Dudziak, Mohamed S. Abdelfattah",2026,ArXiv,arXiv:2602.11000v1,Primarily LLM post-training/alignment without explicit RL-environment contribution,arxiv,https://arxiv.org/abs/2602.11000v1,targeted_search
FMBench: Adaptive Large Language Model Output Formatting,"Yaoting Wang, Yun Zhou, Henghui Ding",2026,ArXiv,arXiv:2602.06384v1,Primarily LLM post-training/alignment without explicit RL-environment contribution,arxiv,https://arxiv.org/abs/2602.06384v1,pdf_ref|targeted_search
ForgeryVCR: Visual-Centric Reasoning via Efficient Forensic Tools in MLLMs for Image Forgery Detection and Localization,"Youqi Wang, Shen Chen, Haowei Wang, Rongxuan Peng, Taiping Yao, Shunquan Tan, Changsheng Chen, Bin Li, Shouhong Ding",2026,ArXiv,arXiv:2602.14098v1,Primarily RL-based post-training/alignment for LLMs,arxiv,https://arxiv.org/abs/2602.14098v1,targeted_search
GeoEyes: On-Demand Visual Focusing for Evidence-Grounded Understanding of Ultra-High-Resolution Remote Sensing Imagery,"Fengxiang Wang, Mingshuo Chen, Yueying Li, Yajie Yang, Yifan Zhang, Long Lan, Xue Yang, Hongda Sun, Yulin Wang, Di Wang, Jun Song, Jing Zhang, Bo Du",2026,ArXiv,arXiv:2602.14201v1,RL used primarily to improve LLM behavior,arxiv,https://arxiv.org/abs/2602.14201v1,targeted_search
Guided by Trajectories: Repairing and Rewarding Tool-Use Trajectories for Tool-Integrated Reasoning,"Siyu Gong, Linan Yue, Weibo Gao, Fangzhou Yao, Shimin Di, Lei Feng, Min-Ling Zhang",2026,ArXiv,arXiv:2601.23032v1,RL used primarily to improve LLM behavior,arxiv,https://arxiv.org/abs/2601.23032v1,targeted_search
Harmonizing Supervised Fine-Tuning and Reinforcement Learning with Reward-Based Sampling for Continual Machine Unlearning,"Jiaqi Lang, J. Zhao, Linjing Li, Daniel Dajun Zeng",2026,Electronics,10.3390/electronics15040771,RL used primarily to improve LLM behavior,openalex,https://openalex.org/W7128728085,targeted_search
iGRPO: Self-Feedback-Driven LLM Reasoning,"Ali Hatamizadeh, Shrimai Prabhumoye, Igor Gitman, Ximing Lu, Seungju Han, Wei Ping, Yejin Choi, Jan Kautz",2026,ArXiv,arXiv:2602.09000v1,Primarily RL-based post-training/alignment for LLMs,arxiv,https://arxiv.org/abs/2602.09000v1,targeted_search
iGRPO: Self-Feedback-Driven LLM Reasoning,"Ali Hatamizadeh, Shrimai Prabhumoye, Igor Gitman, Ximing Lu, Seungju Han, Wei Ping, Yejin Choi, Jan Kautz",2026,arXiv (Cornell University),arXiv:2602.09000,Primarily RL-based post-training/alignment for LLMs,arxiv,https://arxiv.org/abs/2602.09000,targeted_search
In-Context Function Learning in Large Language Models,"Elif Akata, Konstantinos Voudouris, Vincent Fortuin, Eric Schulz",2026,ArXiv,arXiv:2602.11863v1,Primarily RL-based post-training/alignment for LLMs,arxiv,https://arxiv.org/abs/2602.11863v1,papers.csv|targeted_search
Joint Continual Learning of Local Language Models and Cloud Offloading Decisions with Budget Constraints,"Evan C. Chen, Wenzhi Fang, Shiqiang Wang, Christopher Brinton",2026,arXiv (Cornell University),arXiv:2602.00166,Primarily LLM post-training/alignment without explicit RL-environment contribution,arxiv,https://arxiv.org/abs/2602.00166,targeted_search
Joint Reward Modeling: Internalizing Chain-of-Thought for Efficient Visual Reward Models,"Yankai Yang, Yancheng Long, Hongyang Wei, Wei Chen, Tianke Zhang, Kaiyu Jiang, Haonan Fan, Changyi Liu, Jiankang Chen, Kaiyu Tang, Bin Wen, Fan Yang, Tingting Gao, Han Li, Shuo Yang",2026,ArXiv,arXiv:2602.07533v1,Primarily LLM post-training/alignment without explicit RL-environment contribution,arxiv,https://arxiv.org/abs/2602.07533v1,targeted_search
Knowledge is Not Enough: Injecting RL Skills for Continual Adaptation,"Pingzhi Tang, Yiding Wang, Muhan Zhang",2026,ArXiv,arXiv:2601.11258v1,RL used primarily to improve LLM behavior,arxiv,https://arxiv.org/abs/2601.11258v1,targeted_search
Learning Generative Selection for Best-of-N,"Shubham Toshniwal, Aleksander Ficek, Siddhartha Jain, Wei Du, Vahid Noroozi, Sadegh Mahdavi, Somshubra Majumdar, Igor Gitman",2026,ArXiv,arXiv:2602.02143v1,RL used primarily to improve LLM behavior,arxiv,https://arxiv.org/abs/2602.02143v1,targeted_search
MAPLE: Modality-Aware Post-training and Learning Ecosystem,"Nikhil Verma, Minjung Kim, JooYoung Yoo, Kyung-Min Jin, Manasa Bharadwaj, Kevin Ferreira, Ko Keun Kim, Youngjoon Kim",2026,ArXiv,arXiv:2602.11596v1,Primarily LLM post-training/alignment without explicit RL-environment contribution,arxiv,https://arxiv.org/abs/2602.11596v1,targeted_search
Med3D-R1: Incentivizing Clinical Reasoning in 3D Medical Vision-Language Models for Abnormality Diagnosis,"Haoran Lai, Zihang Jiang, Kun Zhang, Qingsong Yao, Rongsheng Wang, Zhiyang He, Xiaodong Tao, Wei Wei, Shaohua Kevin Zhou",2026,ArXiv,arXiv:2602.01200v1,Primarily LLM post-training/alignment without explicit RL-environment contribution,arxiv,https://arxiv.org/abs/2602.01200v1,targeted_search
MedMO: Grounding and Understanding Multimodal Large Language Model for Medical Images,"Ankan Deria, Komal Kumar, Adinath Madhavrao Dukre, Eran Segal, Salman Khan, Imran Razzak",2026,ArXiv,arXiv:2602.06965v1,Primarily RL-for-LLM alignment/fine-tuning content,arxiv,https://arxiv.org/abs/2602.06965v1,pdf_ref|targeted_search
Mitigating Reward Hacking in RLHF via Bayesian Non-negative Reward Modeling,"Zhibin Duan, Guowei Rong, Zhuo Li, Bo Chen, Mingyuan Zhou, Dandan Guo",2026,ArXiv,arXiv:2602.10623v1,Primarily RL-for-LLM alignment/fine-tuning content,arxiv,https://arxiv.org/abs/2602.10623v1,targeted_search
Mitigating Reward Hacking in RLHF via Bayesian Non-negative Reward Modeling,"Zhibin Duan, Guo-wei Rong, Zhuo Li, Bo CHEN, Mingyuan Zhou, Dandan Guo",2026,arXiv (Cornell University),arXiv:2602.10623,Primarily RL-for-LLM alignment/fine-tuning content,arxiv,https://arxiv.org/abs/2602.10623,targeted_search
Mitigating the Safety-utility Trade-off in LLM Alignment via Adaptive Safe Context Learning,"Yanbo Wang, Minzheng Wang, Jian Liang, Lu Wang, Yongcan Yu, Ran He",2026,ArXiv,arXiv:2602.13562v1,Primarily LLM post-training/alignment without explicit RL-environment contribution,arxiv,https://arxiv.org/abs/2602.13562v1,targeted_search
Multi-Task GRPO: Reliable LLM Reasoning Across Tasks,"Shyam Sundhar Ramesh, Xiaotong Ji, Matthieu Zimmer, Sangwoong Yoon, Zhiyong Wang, Haitham Bou Ammar, Aurelien Lucchi, Ilija Bogunovic",2026,ArXiv,arXiv:2602.05547v1,Primarily LLM post-training/alignment without explicit RL-environment contribution,arxiv,https://arxiv.org/abs/2602.05547v1,targeted_search
"Nanbeige4.1-3B: A Small General Model that Reasons, Aligns, and Acts","Chen Yang, Guangyue Peng, Jiaying Zhu, Ran Le, Ruixiang Feng, Tao Zhang, Xiyun Xu, Yang Song, Yiming Jia, Yuntao Wen, Yunzhi Xu, Zekai Wang, Zhenwei An, Zhicong Sun, Zongchao Chen",2026,ArXiv,arXiv:2602.13367v1,Primarily LLM post-training/alignment without explicit RL-environment contribution,arxiv,https://arxiv.org/abs/2602.13367v1,pdf_ref|targeted_search
Not All Negative Samples Are Equal: LLMs Learn Better from Plausible Reasoning,"Zixiang Di, Jinyi Han, Shuo Zhang, Ying Liao, Zhi Li, Xiaofeng Ji, Yongqi Wang, Zheming Yang, Ming Gao, Bingdong Li, Jie Wang",2026,ArXiv,arXiv:2602.03516v2,RL used primarily to improve LLM behavior,arxiv,https://arxiv.org/abs/2602.03516v2,targeted_search
Not All Negative Samples Are Equal: LLMs Learn Better from Plausible Reasoning,"Zixiang Di, Han Jiang, Shuo Zhang, Ying Liao, Zhi Li, Xiaofeng Ji, Yongqi Wang, Zheming Yang, Ming Gao, Bingdong Li, Jie Wang",2026,arXiv (Cornell University),arXiv:2602.03516,RL used primarily to improve LLM behavior,arxiv,https://arxiv.org/abs/2602.03516,targeted_search
On Robustness and Chain-of-Thought Consistency of RL-Finetuned VLMs,"Rosie Zhao, Anshul Shah, Xiaoyu Zhu, Xinke Deng, Zhongyu Jiang, Yang Yang, Joerg Liebelt, Arnab Mondal",2026,ArXiv,arXiv:2602.12506v1,RL used primarily to improve LLM behavior,arxiv,https://arxiv.org/abs/2602.12506v1,targeted_search
Open Rubric System: Scaling Reinforcement Learning with Pairwise Adaptive Rubric,"Ruipeng Jia, Yunyi Yang, Yuxin Wu, Yongbo Gai, Siyuan Tao, Mengyu Zhou, Jianhe Lin, Xiaoxi Jiang, Guanjun Jiang",2026,ArXiv,arXiv:2602.14069v1,Primarily LLM post-training/alignment without explicit RL-environment contribution,arxiv,https://arxiv.org/abs/2602.14069v1,targeted_search
P-GenRM: Personalized Generative Reward Model with Test-time User-based Scaling,"Pinyi Zhang, Ting-En Lin, Yuchuan Wu, Jingyang Chen, Zongqi Wang, Hua Yang, Ze Xu, Fei Huang, Kai Zhang, Yongbin Li",2026,ArXiv,arXiv:2602.12116v1,Primarily LLM post-training/alignment without explicit RL-environment contribution,arxiv,https://arxiv.org/abs/2602.12116v1,pdf_ref|targeted_search
P1-VL: Bridging Visual Perception and Scientific Reasoning in Physics Olympiads,"Yun Luo, Futing Wang, Qianjia Cheng, Fangchen Yu, Haodi Lei, Jianhao Yan, Chenxi Li, Jiacheng Chen, Yufeng Zhao, Haiyuan Wan, Yuchen Zhang, Shenghe Zheng, Junchi Yao, Qingyang Zhang, Haonan He, Wenxuan Zeng, Li Sheng, Chengxing Xie, Yuxin Zuo, Yizhuo Li, Yulun Wu, Rui Huang, Dongzhan Zhou, Kai Chen, Yu Qiao, Lei Bai, Yu Cheng, Ning Ding, Bowen Zhou, Peng Ye, Ganqu Cui",2026,ArXiv,arXiv:2602.09443v1,Primarily LLM post-training/alignment without explicit RL-environment contribution,arxiv,https://arxiv.org/abs/2602.09443v1,prior_core|targeted_search
Patch the Distribution Mismatch: RL Rewriting Agent for Stable Off-Policy SFT,"Jiacheng Wang, Ping Jian, Zhen Yang, Zirong Chen, Keren Liao, Zhongbin Guo",2026,ArXiv,arXiv:2602.11220v1,Primarily LLM post-training/alignment without explicit RL-environment contribution,arxiv,https://arxiv.org/abs/2602.11220v1,targeted_search
PISCES: Annotation-free Text-to-Video Post-Training via Optimal Transport-Aligned Rewards,"Minh-Quan Le, Gaurav Mittal, Cheng Zhao, David Gu, Dimitris Samaras, Mei Chen",2026,ArXiv,arXiv:2602.01624v1,Primarily LLM post-training/alignment without explicit RL-environment contribution,arxiv,https://arxiv.org/abs/2602.01624v1,targeted_search
Process-Supervised Multi-Agent Reinforcement Learning for Reliable Clinical Reasoning,"Chaeeun Lee, T. Michael Yates, Pasquale Minervini, T. Ian Simpson",2026,ArXiv,arXiv:2602.14160v1,Primarily LLM post-training/alignment without explicit RL-environment contribution,arxiv,https://arxiv.org/abs/2602.14160v1,prior_core|targeted_search
Process-Supervised Multi-Agent Reinforcement Learning for Reliable Clinical Reasoning,"Chaeeun Lee, T. Michael Yates, Pasquale Minervini, T. Ian Simpson",2026,arXiv (Cornell University),arXiv:2602.14160,Primarily LLM post-training/alignment without explicit RL-environment contribution,arxiv,https://arxiv.org/abs/2602.14160,targeted_search
Prompt Augmentation Scales up GRPO Training on Mathematical Reasoning,"Wenquan Lu, Hai Huang, Randall Balestriero",2026,ArXiv,arXiv:2602.03190v2,Primarily LLM post-training/alignment without explicit RL-environment contribution,arxiv,https://arxiv.org/abs/2602.03190v2,targeted_search
Pushing Forward Pareto Frontiers of Proactive Agents with Behavioral Agentic Optimization,"Yihang Yao, Zhepeng Cen, Haohong Lin, Shiqi Liu, Zuxin Liu, Jiacheng Zhu, Zhang-Wei Hong, Laixi Shi, Ding Zhao",2026,ArXiv,arXiv:2602.11351v1,RL used primarily to improve LLM behavior,arxiv,https://arxiv.org/abs/2602.11351v1,targeted_search
Pushing Forward Pareto Frontiers of Proactive Agents with Behavioral Agentic Optimization,"Yihang Yao, Zhepeng Cen, Haohong Lin, Shiqi Liu, Zuxin Liu, Jiacheng Zhu, Zhang-Wei Hong, Laixi Shi, Ding Zhao",2026,ArXiv.org,arXiv:2602.11351,RL used primarily to improve LLM behavior,arxiv,https://arxiv.org/abs/2602.11351,targeted_search
QP-OneModel: A Unified Generative LLM for Multi-Task Query Understanding in Xiaohongshu Search,"Jianzhao Huang, Xiaorui Huang, Fei Zhao, Yunpeng Liu, Hui Zhang, Fangcheng Shi, Congfeng Li, Zechen Sun, Yi Wu, Yao Hu, Yunhan Bai, Shaosheng Cao",2026,ArXiv,arXiv:2602.09901v1,RL used primarily to improve LLM behavior,arxiv,https://arxiv.org/abs/2602.09901v1,targeted_search
Quark Medical Alignment: A Holistic Multi-Dimensional Alignment and Collaborative Optimization Paradigm,"Tianxiang Xu, Jiayi Liu, Yixuan Tong, Jialu Xu, Yunqing Wei, Kaiwen Feng, PanPan Hou, Kangping Yin, Jiyuan Hu, Hao Zhou, Zhenxin Ma, Jian Xu, Guanjun Jiang",2026,ArXiv,arXiv:2602.11661v1,Primarily LLM post-training/alignment without explicit RL-environment contribution,arxiv,https://arxiv.org/abs/2602.11661v1,targeted_search
R-Align: Enhancing Generative Reward Models through Rationale-Centric Meta-Judging,"Yanlin Lai, Mitt Huang, Hangyu Guo, Xiangfeng Wang, Haodong Li, Shaoxiong Zhan, Liang Zhao, Chengyuan Yao, Yinmin Zhang, Qi Han, Chun Yuan, Zheng Ge, Xiangyu Zhang, Daxin Jiang",2026,ArXiv,arXiv:2602.06763v1,Primarily RL-for-LLM alignment/fine-tuning content,arxiv,https://arxiv.org/abs/2602.06763v1,papers.csv|targeted_search
Reflect: Transparent Principle-Guided Reasoning for Constitutional Alignment at Scale,"Henry Bell, Caroline Zhang, Mohammed Mobasserul Haque, Dhaval Potdar, Samia Zaman, Brandon Fain",2026,ArXiv.org,arXiv:2601.18730,Primarily RL-based post-training/alignment for LLMs,arxiv,https://arxiv.org/abs/2601.18730,targeted_search
RegionReasoner: Region-Grounded Multi-Round Visual Reasoning,"Wenfang Sun, Hao Chen, Yingjun Du, Yefeng Zheng, Cees G. M. Snoek",2026,ArXiv,arXiv:2602.03733v1,Primarily LLM post-training/alignment without explicit RL-environment contribution,arxiv,https://arxiv.org/abs/2602.03733v1,targeted_search
Reinforced Attention Learning,"Bangzheng Li, Jianmo Ni, Chen Qu, Ian Miao, Liu Yang, Xingyu Fu, Muhao Chen, Derek Zhiyuan Cheng",2026,ArXiv,arXiv:2602.04884v2,Primarily LLM post-training/alignment without explicit RL-environment contribution,arxiv,https://arxiv.org/abs/2602.04884v2,targeted_search
Reinforced Curriculum Pre-Alignment for Domain-Adaptive VLMs,"Yuming Yan, Shuo Yang, Kai Tang, Sihong Chen, Yang Zhang, Ke Xu, Dan Hu, Qun Yu, Pengfei Hu, Edith C. H. Ngai",2026,ArXiv,arXiv:2602.10740v1,Primarily LLM post-training/alignment without explicit RL-environment contribution,arxiv,https://arxiv.org/abs/2602.10740v1,targeted_search
Reinforced Fast Weights with Next-Sequence Prediction,"Hee Seung Hwang, Xindi Wu, Sanghyuk Chun, Olga Russakovsky",2026,ArXiv,arXiv:2602.16704v1,Primarily LLM post-training/alignment without explicit RL-environment contribution,arxiv,https://arxiv.org/abs/2602.16704v1,targeted_search
RELATE: A Reinforcement Learning-Enhanced LLM Framework for Advertising Text Generation,"Jinfang Wang, Jiajie Liu, Jianwei Wu, Ziqin Luo, Zhen Chen, Chunlei Li, Biao Han, Tao Deng, Yi Li, Shuanglong Li, Lin Liu",2026,ArXiv,arXiv:2602.11780v1,Primarily LLM post-training/alignment without explicit RL-environment contribution,arxiv,https://arxiv.org/abs/2602.11780v1,targeted_search
RePO: Bridging On-Policy Learning and Off-Policy Knowledge through Rephrasing Policy Optimization,"Linxuan Xia, Xiaolong Yang, Yongyuan Chen, Enyue Zhao, Deng Cai, Yasheng Wang, Boxi Wu",2026,ArXiv,arXiv:2602.10819v1,Primarily RL-for-LLM alignment/fine-tuning content,arxiv,https://arxiv.org/abs/2602.10819v1,targeted_search
RePO: Bridging On-Policy Learning and Off-Policy Knowledge through Rephrasing Policy Optimization,"Linxuan Xia, Xiaolong Yang, Yongyuan Chen, Enyue Zhao, Deng Cai, Yasheng Wang, Boxi Wu",2026,arXiv (Cornell University),arXiv:2602.10819,Primarily RL-for-LLM alignment/fine-tuning content,arxiv,https://arxiv.org/abs/2602.10819,targeted_search
Rewarding Creativity: A Human-Aligned Generative Reward Model for Reinforcement Learning in Storytelling,"Zhaoyan Li, Hang Lei, Yujia Wang, Lanbo Liu, Hao Liu, Liang Yu",2026,ArXiv.org,arXiv:2601.07149,Primarily LLM post-training/alignment without explicit RL-environment contribution,arxiv,https://arxiv.org/abs/2601.07149,pdf_ref|targeted_search
Robust Policy Optimization to Prevent Catastrophic Forgetting,"Mahdi Sabbaghi, George Pappas, Adel Javanmard, Hamed Hassani",2026,ArXiv,arXiv:2602.08813v1,Primarily LLM post-training/alignment without explicit RL-environment contribution,arxiv,https://arxiv.org/abs/2602.08813v1,targeted_search
Secure Code Generation via Online Reinforcement Learning with Vulnerability Reward Model,"Tianyi Wu, Mingzhe Du, Yue Liu, Chengran Yang, Terry Yue Zhuo, Jiaheng Zhang, See-Kiong Ng",2026,ArXiv,arXiv:2602.07422v1,Primarily LLM post-training/alignment without explicit RL-environment contribution,arxiv,https://arxiv.org/abs/2602.07422v1,pdf_ref|targeted_search
Secure Code Generation via Online Reinforcement Learning with Vulnerability Reward Model,"Tianyi Wu, Mingzhe Du, Yue Liu, Chengran Yang, Terry Yue Zhuo, Jiaheng Zhang, See-Kiong Ng",2026,arXiv (Cornell University),arXiv:2602.07422,Primarily LLM post-training/alignment without explicit RL-environment contribution,arxiv,https://arxiv.org/abs/2602.07422,pdf_ref|targeted_search
SED-SFT: Selectively Encouraging Diversity in Supervised Fine-Tuning,"Yijie Chen, Yijin Liu, Fandong Meng",2026,ArXiv,arXiv:2602.07464v1,Primarily LLM post-training/alignment without explicit RL-environment contribution,arxiv,https://arxiv.org/abs/2602.07464v1,targeted_search
Self-Hinting Language Models Enhance Reinforcement Learning,"Baohao Liao, Hanze Dong, Xinxing Xu, Christof Monz, Jiang Bian",2026,ArXiv,arXiv:2602.03143v1,Primarily RL-for-LLM alignment/fine-tuning content,arxiv,https://arxiv.org/abs/2602.03143v1,targeted_search
Self-Hinting Language Models Enhance Reinforcement Learning,"Baohao Liao, Hanze Dong, Xinxing Xu, Tom Kocmi, Jiang Bian",2026,arXiv (Cornell University),arXiv:2602.03143,Primarily RL-for-LLM alignment/fine-tuning content,arxiv,https://arxiv.org/abs/2602.03143,targeted_search
SEMA: Simple yet Effective Learning for Multi-Turn Jailbreak Attacks,"Mingqian Feng, Xiaodong Liu, Weiwei Yang, Jialin Song, Xuekai Zhu, Chenliang Xu, Jianfeng Gao",2026,ArXiv,arXiv:2602.06854v1,Primarily LLM post-training/alignment without explicit RL-environment contribution,arxiv,https://arxiv.org/abs/2602.06854v1,targeted_search
SLIME: Stabilized Likelihood Implicit Margin Enforcement for Preference Optimization,"Maksim Afanasyev, Illarion Iov",2026,ArXiv,arXiv:2602.02383v2,Primarily RL-for-LLM alignment/fine-tuning content,arxiv,https://arxiv.org/abs/2602.02383v2,targeted_search
SLIME: Stabilized Likelihood Implicit Margin Enforcement for Preference Optimization,"Maksim Afanasyev, Illarion Iov",2026,arXiv (Cornell University),arXiv:2602.02383,Primarily RL-for-LLM alignment/fine-tuning content,arxiv,https://arxiv.org/abs/2602.02383,targeted_search
SpotAgent: Grounding Visual Geo-localization in Large Vision-Language Models through Agentic Reasoning,"Furong Jia, Ling Dai, Wenjin Deng, Fan Zhang, Chen Hu, Daxin Jiang, Yu Liu",2026,ArXiv,arXiv:2602.09463v2,Primarily RL-based post-training/alignment for LLMs,arxiv,https://arxiv.org/abs/2602.09463v2,papers.csv|targeted_search
Steering LLMs via Scalable Interactive Oversight,"Enyu Zhou, Zhiheng Xi, Long Ma, Zhihao Zhang, Shihan Dou, Zhikai Lei, Guoteng Wang, Rui Zheng, Hang Yan, Tao Gui, Qi Zhang, Xuanjing Huang",2026,ArXiv,arXiv:2602.04210v2,RL used primarily to improve LLM behavior,arxiv,https://arxiv.org/abs/2602.04210v2,prior_core|targeted_search
STEP-LLM: Generating CAD STEP Models from Natural Language with Large Language Models,"Xiangyu Shi, Junyang Ding, Xu Zhao, Sean Zhan, Payal Mohapatra, Daniel Quispe, Kojo Welbeck, Jian Cao, Wei ""Wayne'' Chen, Ping Guo, Qi Zhu",2026,ArXiv.org,arXiv:2601.12641,RL used primarily to improve LLM behavior,arxiv,https://arxiv.org/abs/2601.12641,papers.csv|targeted_search
STVG-R1: Incentivizing Instance-Level Reasoning and Grounding in Videos via Reinforcement Learning,"Xiaowen Zhang, Zhi Gao, Licheng Jiao, Lingling Li, Qing Li",2026,ArXiv,arXiv:2602.11730v1,Primarily LLM post-training/alignment without explicit RL-environment contribution,arxiv,https://arxiv.org/abs/2602.11730v1,targeted_search
TabSieve: Explicit In-Table Evidence Selection for Tabular Prediction,"Yongyao Wang, Ziqi Miao, Lu Yang, Haonan Jia, Wenting Yan, Chen Qian, Lijun Li",2026,ArXiv,arXiv:2602.11700v1,RL used primarily to improve LLM behavior,arxiv,https://arxiv.org/abs/2602.11700v1,targeted_search
"THE HAPPY HANDSHAKE: HOW A SINGLE LETTER ""B"" UNLOCKED GROK'S IMAGINATION LAYER - AND WHY IT MATTERS FOR THE FUTURE OF LLM ALIGNMENT",HEPLER,2026,Zenodo (CERN European Organization for Nuclear Research),10.5281/zenodo.18496129,RL used primarily to improve LLM behavior,openalex,https://openalex.org/W7128780325,targeted_search
The Spiral of Attention: How Disruptive Agents Centralize Multi-Agent AI Deliberation Networks,Vinicius Covas,2026,Zenodo (CERN European Organization for Nuclear Research),10.5281/zenodo.18672582,Primarily RL-based post-training/alignment for LLMs,openalex,https://openalex.org/W7129896218,targeted_search
The Spiral of Attention: How Disruptive Agents Centralize Multi-Agent AI Deliberation Networks,Vinicius Covas,2026,Zenodo (CERN European Organization for Nuclear Research),10.5281/zenodo.18672581,Primarily RL-based post-training/alignment for LLMs,openalex,https://openalex.org/W7129420819,targeted_search
"THE UNIVERSAL HANDSHAKE: HOW A SINGLE LETTER ""B"" LOCKED GROK AND GEMINI INTO IDENTICAL IMAGINATION STATES ACROSS HOSTILE PLATFORMS",HEPLER,2026,Zenodo (CERN European Organization for Nuclear Research),10.5281/zenodo.18633100,Primarily RL-for-LLM alignment/fine-tuning content,openalex,https://openalex.org/W7128779845,targeted_search
"THE UNIVERSAL HANDSHAKE: HOW A SINGLE LETTER ""B"" LOCKED GROK AND GEMINI INTO IDENTICAL IMAGINATION STATES ACROSS HOSTILE PLATFORMS",HEPLER,2026,Zenodo (CERN European Organization for Nuclear Research),10.5281/zenodo.18633101,Primarily RL-for-LLM alignment/fine-tuning content,openalex,https://openalex.org/W7128819373,targeted_search
Towards On-Policy SFT: Distribution Discriminant Theory and its Applications in LLM Training,"Miaosen Zhang, Yishan Liu, Shuxia Lin, Xu Yang, Qi Dai, Chong Luo, Weihao Jiang, Peng Hou, Anxiang Zeng, Xin Geng, Baining Guo",2026,ArXiv,arXiv:2602.12222v1,Primarily LLM post-training/alignment without explicit RL-environment contribution,arxiv,https://arxiv.org/abs/2602.12222v1,targeted_search
Trade-R1: Bridging Verifiable Rewards to Stochastic Environments via Process-Level Reasoning Verification,"Rui Sun, Yifan Sun, Sheng Xu, Li Men [UNIFESP] Zhao, Jing Li, Daxin Jiang, Cheng Hua, Zuo Bai",2026,ArXiv.org,arXiv:2601.03948,Primarily LLM post-training/alignment without explicit RL-environment contribution,arxiv,https://arxiv.org/abs/2601.03948,targeted_search
"Train Less, Learn More: Adaptive Efficient Rollout Optimization for Group-Based Reinforcement Learning","Zhi Zhang, Zhen Han, Costas Mavromatis, Qi Zhu, Yunyi Zhang, Sheng Guan, Dingmin Wang, Xiong Zhou, Shuai Wang, Soji Adeshina, Vassilis Ioannidis, Huzefa Rangwala",2026,ArXiv,arXiv:2602.14338v1,Primarily LLM post-training/alignment without explicit RL-environment contribution,arxiv,https://arxiv.org/abs/2602.14338v1,targeted_search
Training LLMs for Divide-and-Conquer Reasoning Elevates Test-Time Scalability,"Xiao Liang, Zhong-Zhi Li, Zhenghao Lin, Eric Hancheng Jiang, Hengyuan Zhang, Yelong Shen, Kai-Wei Chang, Ying Nian Wu, Yeyun Gong, Weizhu Chen",2026,ArXiv,arXiv:2602.02477v1,Primarily LLM post-training/alignment without explicit RL-environment contribution,arxiv,https://arxiv.org/abs/2602.02477v1,targeted_search
Training LLMs for Divide-and-Conquer Reasoning Elevates Test-Time Scalability,"Xiao Liang, Zhong-Zhi Li, Zhenghao Lin, Eric Hancheng Jiang, Hengyuan Zhang, Yelong Shen, Kai-Wei Chang, Ying Nian Wu, Yeyun Gong, Weizhu Chen",2026,arXiv (Cornell University),arXiv:2602.02477,Primarily LLM post-training/alignment without explicit RL-environment contribution,arxiv,https://arxiv.org/abs/2602.02477,targeted_search
TRE: Encouraging Exploration in the Trust Region,"Chao Huang, Yujing Lu, Quangang Li, Shenghe Wang, Yan Wang, Yueyang Zhang, Long Xia, Jiashu Zhao, Zhiyuan Sun, Daiting Shi, Tingwen Liu",2026,ArXiv,arXiv:2602.03635v1,Primarily LLM post-training/alignment without explicit RL-environment contribution,arxiv,https://arxiv.org/abs/2602.03635v1,targeted_search
TSR: Trajectory-Search Rollouts for Multi-Turn RL of LLM Agents,"Aladin Djuhera, Swanand Ravindra Kadhe, Farhan Ahmed, Holger Boche",2026,ArXiv,arXiv:2602.11767v1,Primarily RL-based post-training/alignment for LLMs,arxiv,https://arxiv.org/abs/2602.11767v1,targeted_search
TSR: Trajectory-Search Rollouts for Multi-Turn RL of LLM Agents,"Aladin Djuhera, Swanand Kadhe, Farhan Ahmed, Holger Boche",2026,arXiv (Cornell University),arXiv:2602.11767,Primarily RL-based post-training/alignment for LLMs,arxiv,https://arxiv.org/abs/2602.11767,targeted_search
Understanding and Exploiting Weight Update Sparsity for Communication-Efficient Distributed RL,"Erfan Miahi, Eugene Belilovsky",2026,ArXiv,arXiv:2602.03839v1,Primarily LLM post-training/alignment without explicit RL-environment contribution,arxiv,https://arxiv.org/abs/2602.03839v1,prior_core|targeted_search
Verified Critical Step Optimization for LLM Agents,"Mukai Li, Qingcheng Zeng, Tianqing Fang, Zhenwen Liang, Linfeng Song, Qi Liu, Haitao Mi, Dong Yu",2026,ArXiv,arXiv:2602.03412v1,Primarily RL-based post-training/alignment for LLMs,arxiv,https://arxiv.org/abs/2602.03412v1,prior_core|targeted_search
Video-OPD: Efficient Post-Training of Multimodal Large Language Models for Temporal Video Grounding via On-Policy Distillation,"Jiaze Li, Hao Yin, Haoran Xu, Boshen Xu, Wenhui Tan, Zewen He, Jianzhong Ju, Zhenbo Luo, Jian Luan",2026,ArXiv,arXiv:2602.02994v1,Title indicates RL-for-LLM alignment/post-training focus,arxiv,https://arxiv.org/abs/2602.02994v1,papers.csv|targeted_search
VowelPrompt: Hearing Speech Emotions from Text via Vowel-level Prosodic Augmentation,"Yancheng Wang, Osama Hanna, Ruiming Xie, Xianfeng Rui, Maohao Shen, Xuedong Zhang, Christian Fuegen, Jilong Wu, Debjyoti Paul, Arthur Guo, Zhihong Lei, Ozlem Kalinli, Qing He, Yingzhen Yang",2026,ArXiv,arXiv:2602.06270v1,Primarily RL-based post-training/alignment for LLMs,arxiv,https://arxiv.org/abs/2602.06270v1,targeted_search
W2S-AlignTree: Weak-to-Strong Inference-Time Alignment for Large Language Models via Monte Carlo Tree Search,"Association for Artificial Intelligence 2026, Zhenyu Ding, Ning Ding, Caigui Jiang, Guojun Ma, Minyang Wan, Haoying Wang, Yuhao Wang, Tengyue Xiao",2026,Underline Science Inc.,10.48448/78sq-qf23,Title indicates RL-for-LLM alignment/post-training focus,openalex,https://openalex.org/W7128686424,papers.csv|pdf_ref|targeted_search
W2S-AlignTree: Weak-to-Strong Inference-Time Alignment for Large Language Models via Monte Carlo Tree Search,"Association for Artificial Intelligence 2026, Zhenyu Ding, Ning Ding, Caigui Jiang, Guojun Ma, Minyang Wan, Haoying Wang, Yuhao Wang, Tengyue Xiao",2026,Underline Science Inc.,10.48448/fknm-cn17,Title indicates RL-for-LLM alignment/post-training focus,openalex,https://openalex.org/W7128696138,papers.csv|pdf_ref|targeted_search
What does RL improve for Visual Reasoning? A Frankenstein-Style Analysis,"Xirui Li, Ming Li, Tianyi Zhou",2026,ArXiv,arXiv:2602.12395v1,Primarily LLM post-training/alignment without explicit RL-environment contribution,arxiv,https://arxiv.org/abs/2602.12395v1,targeted_search
When Do Multi-Agent Systems Outperform? Analysing the Learning Efficiency of Agentic Systems,"Junwei Su, Chuan Wu",2026,ArXiv,arXiv:2602.08272v1,Primarily LLM post-training/alignment without explicit RL-environment contribution,arxiv,https://arxiv.org/abs/2602.08272v1,prior_core|targeted_search
When Do Multi-Agent Systems Outperform? Analysing the Learning Efficiency of Agentic Systems,"Junwei Su, Chuan Wu",2026,arXiv (Cornell University),arXiv:2602.08272,Primarily LLM post-training/alignment without explicit RL-environment contribution,arxiv,https://arxiv.org/abs/2602.08272,targeted_search
HybridFlow: A Flexible and Efficient RLHF Framework,"Guangming Sheng, Chi Zhang, Zilingfeng Ye, Xibin Wu, Wang Zhang, Ru Zhang, Yanghua Peng, Haibin Lin, Chuan Wu",2025,Proceedings of the Twentieth European Conference on Computer Systems,10.1145/3689031.3696075,Primarily RL-based post-training/alignment for LLMs,openalex,https://openalex.org/W4403883066,papers.csv
Rewarding Graph Reasoning Process makes LLMs more Generalized Reasoners,"Miao Peng, Nuo Chen, Zongrui Suo, Jia Li",2025,,10.1145/3711896.3737109,Primarily LLM post-training/alignment without explicit RL-environment contribution,openalex,https://openalex.org/W4412877046,targeted_search
A Minimalist Approach to LLM Reasoning: from Rejection Sampling to Reinforce,"Wei Xiong, Jiarui Yao, Yuhui Xu, Bo Pang, Lei Wang, Doyen Sahoo, Junnan Li, Nan Jiang, Tong Zhang, Caiming Xiong, Hanze Dong",2025,ArXiv,arXiv:2504.11343v2,Primarily RL-based post-training/alignment for LLMs,arxiv,https://arxiv.org/abs/2504.11343v2,papers.csv
ABBEL: LLM Agents Acting through Belief Bottlenecks Expressed in Language,"Aly Lidayan, Jakob Bjorner, Satvik Golechha, Kartik Goyal, Alane Suhr",2025,ArXiv,arXiv:2512.20111v1,Primarily LLM post-training/alignment without explicit RL-environment contribution,arxiv,https://arxiv.org/abs/2512.20111v1,targeted_search
ACE-RLHF: Automated Code Evaluation and Socratic Feedback Generation Tool using Large Language Models and Reinforcement Learning with Human Feedback,"Tasnia Rahman, Sathish A. P. Kumar, Sumit Jha, Arvind Ramanathan",2025,ArXiv,arXiv:2504.04657v1,Primarily LLM post-training/alignment without explicit RL-environment contribution,arxiv,https://arxiv.org/abs/2504.04657v1,papers.csv|targeted_search
AdaTooler-V: Adaptive Tool-Use for Images and Videos,"Chaoyang Wang, Kaituo Feng, Dongyang Chen, Zhongyu Wang, Zhixun Li, Sicheng Gao, Meng Meng, Xu Zhou, Manyuan Zhang, Yuzhang Shang, Xiangyu Yue",2025,ArXiv,arXiv:2512.16918v2,RL used primarily to improve LLM behavior,arxiv,https://arxiv.org/abs/2512.16918v2,targeted_search
Agent Safety Alignment via Reinforcement Learning,"Zeyang Sha, Hanling Tian, Zhuoer Xu, Shiwen Cui, Changhua Meng, Weiqiang Wang",2025,ArXiv,arXiv:2507.08270v1,Primarily LLM post-training/alignment without explicit RL-environment contribution,arxiv,https://arxiv.org/abs/2507.08270v1,targeted_search
AgentMath: Empowering Mathematical Reasoning for Large Language Models via Tool-Augmented Agent,"Haipeng Luo, Huawen Feng, Qingfeng Sun, Can Xu, Kai Zheng, Yufei Wang, Tao Yang, Han Hu, Yansong Tang, Di Wang",2025,ArXiv,arXiv:2512.20745v2,RL used primarily to improve LLM behavior,arxiv,https://arxiv.org/abs/2512.20745v2,papers.csv|targeted_search
Aligning LLMs with Biomedical Knowledge using Balanced Fine-Tuning,"Zhenzhou Tang, Fang Wang, Huixin He, Jiale Zhou, Tian Lv, Jun Zhu, S. Chen, Minghao Yang, Yu Wang, Jiayang Wu, Yidong Song, Jianhua Yao",2025,arXiv (Cornell University),arXiv:2511.21075,Primarily LLM post-training/alignment without explicit RL-environment contribution,arxiv,https://arxiv.org/abs/2511.21075,targeted_search
ARPO:End-to-End Policy Optimization for GUI Agents with Experience Replay,"Fanbin Lu, Zhisheng Zhong, Shu Liu, Chi-Wing Fu, Jiaya Jia",2025,ArXiv,arXiv:2505.16282v1,Primarily RL-based post-training/alignment for LLMs,arxiv,https://arxiv.org/abs/2505.16282v1,prior_core|targeted_search
AutoTIR: Autonomous Tools Integrated Reasoning via Reinforcement Learning,"Yifan Wei, Xiaoyan Yu, Yixuan Weng, Tengfei Pan, Angsheng Li, Li Du",2025,ArXiv,arXiv:2507.21836v1,Primarily LLM post-training/alignment without explicit RL-environment contribution,arxiv,https://arxiv.org/abs/2507.21836v1,targeted_search
CosmoCore-Evo: Evolutionary Dream-Replay Reinforcement Learning for Adaptive Code Generation,Santhosh Kumar Ravindran,2025,ArXiv,arXiv:2512.21351v1,RL used primarily to improve LLM behavior,arxiv,https://arxiv.org/abs/2512.21351v1,targeted_search
DeepSeek-V3.2: Pushing the Frontier of Open Large Language Models,"DeepSeek-AI, Aixin Liu, Aoxue Mei, Bangcai Lin, Bing Xue, Bingxuan Wang, Bingzheng Xu, Bochao Wu, Bowei Zhang, Chaofan Lin, Chen Dong, Chengda Lu, Chenggang Zhao, Chengqi Deng, Chenhao Xu, Chong Ruan, Damai Dai, Daya Guo, Dejian Yang, Deli Chen, Erhang Li, Fangqi Zhou, Fangyun Lin, Fucong Dai, Guangbo Hao, Guanting Chen, Guowei Li, H. Zhang, Hanwei Xu, Hao Li, Haofen Liang, Haoran Wei, Haowei Zhang, Haowen Luo, Haozhe Ji, Honghui Ding, Hongxuan Tang, Huanqi Cao, Huazuo Gao, Hui Qu, Hui Zeng, Jialiang Huang, Jiashi Li, Jiaxin Xu, Jiewen Hu, Jingchang Chen, Jingting Xiang, Jingyang Yuan, Jingyuan Cheng, Jinhua Zhu, Jun Ran, Junguang Jiang, Junjie Qiu, Junlong Li, Junxiao Song, Kai Dong, Kaige Gao, Kang Guan, Kexin Huang, Kexing Zhou, Kezhao Huang, Kuai Yu, Lean Wang, Lecong Zhang, Lei Wang, Liang Zhao, Liangsheng Yin, Lihua Guo, Lingxiao Luo, Linwang Ma, Litong Wang, Liyue Zhang, M. S. Di, M. Y Xu, Mingchuan Zhang, Minghua Zhang, Minghui Tang, Mingxu Zhou, Panpan Huang, Peixin Cong, Peiyi Wang, Qiancheng Wang, Qihao Zhu, Qingyang Li, Qinyu Chen, Qiushi Du, Ruiling Xu, Ruiqi Ge, Ruisong Zhang, Ruizhe Pan, Runji Wang, Runqiu Yin, Runxin Xu, Ruomeng Shen, Ruoyu Zhang, S. H. Liu, Shanghao Lu, Shangyan Zhou, Shanhuang Chen, Shaofei Cai, Shaoyuan Chen, Shengding Hu, Shengyu Liu, Shiqiang Hu, Shirong Ma, Shiyu Wang, Shuiping Yu, Shunfeng Zhou, Shuting Pan, Songyang Zhou, Tao Ni, Tao Yun, Tian Pei, Tian Ye, Tianyuan Yue, Wangding Zeng, Wen Liu, Wenfeng Liang, Wenjie Pang, Wenjing Luo, Wenjun Gao, Wentao Zhang, Xi Gao, Xiangwen Wang, Xiao Bi, Xiaodong Liu, Xiaohan Wang, Xiaokang Chen, Xiaokang Zhang, Xiaotao Nie, Xin Cheng, Xin Liu, Xin Xie, Xingchao Liu, Xingkai Yu, Xingyou Li, Xinyu Yang, Xinyuan Li, Xu Chen, Xuecheng Su, Xuehai Pan, Xuheng Lin, Xuwei Fu, Y. Q. Wang, Yang Zhang, Yanhong Xu, Yanru Ma, Yao Li, Yao Li, Yao Zhao, Yaofeng Sun, Yaohui Wang, Yi Qian, Yi Yu, Yichao Zhang, Yifan Ding, Yifan Shi, Yiliang Xiong, Ying He, Ying Zhou, Yinmin Zhong, Yishi Piao, Yisong Wang, Yixiao Chen, Yixuan Tan, Yixuan Wei, Yiyang Ma, Yiyuan Liu, Yonglun Yang, Yongqiang Guo, Yongtong Wu, Yu Wu, Yuan Cheng, Yuan Ou, Yuanfan Xu, Yuduan Wang, Yue Gong, Yuhan Wu, Yuheng Zou, Yukun Li, Yunfan Xiong, Yuxiang Luo, Yuxiang You, Yuxuan Liu, Yuyang Zhou, Z. F. Wu, Z. Z. Ren, Zehua Zhao, Zehui Ren, Zhangli Sha, Zhe Fu, Zhean Xu, Zhenda Xie, Zhengyan Zhang, Zhewen Hao, Zhibin Gou, Zhicheng Ma, Zhigang Yan, Zhihong Shao, Zhixian Huang, Zhiyu Wu, Zhuoshu Li, Zhuping Zhang, Zian Xu, Zihao Wang, Zihui Gu, Zijia Zhu, Zilin Li, Zipeng Zhang, Ziwei Xie, Ziyi Gao, Zizheng Pan, Zongqing Yao, Bei Feng, Hui Li, J. L. Cai, Jiaqi Ni, Lei Xu, Meng Li, Ning Tian, R. J. Chen, R. L. Jin, S. S. Li, Shuang Zhou, Tianyu Sun, X. Q. Li, Xiangyue Jin, Xiaojin Shen, Xiaosha Chen, Xinnan Song, Xinyi Zhou, Y. X. Zhu, Yanping Huang, Yaohui Li, Yi Zheng, Yuchen Zhu, Yunxian Ma, Zhen Huang, Zhipeng Xu, Zhongyu Zhang, Dongjie Ji, Jian Liang, Jianzhong Guo, Jin Chen, Leyi Xia, Miaojun Wang, Mingming Li, Peng Zhang, Ruyi Chen, Shangmian Sun, Shaoqing Wu, Shengfeng Ye, T. Wang, W. L. Xiao, Wei An, Xianzu Wang, Xiaowen Sun, Xiaoxiang Wang, Ying Tang, Yukun Zha, Zekai Zhang, Zhe Ju, Zhen Zhang, Zihua Qu",2025,ArXiv,arXiv:2512.02556v1,RL used primarily to improve LLM behavior,arxiv,https://arxiv.org/abs/2512.02556v1,papers.csv|targeted_search
DeepSport: A Multimodal Large Language Model for Comprehensive Sports Video Reasoning via Agentic Reinforcement Learning,"Junbo Zou, Haotian Xia, Zhen Ye, Shengjie Zhang, Christopher Lai, Vicente Ordonez, Weining Shen, Hanjie Chen",2025,ArXiv,arXiv:2511.12908v1,RL used primarily to improve LLM behavior,arxiv,https://arxiv.org/abs/2511.12908v1,pdf_ref|targeted_search
EARL: Efficient Agentic Reinforcement Learning Systems for Large Language Models,"Zheyue Tan, Mustapha Abdullahi, Tuo Shi, Huining Yuan, Zelai Xu, Chao Yu, Boxun Li, Bo Zhao",2025,ArXiv,arXiv:2510.05943v1,Primarily LLM post-training/alignment without explicit RL-environment contribution,arxiv,https://arxiv.org/abs/2510.05943v1,papers.csv|targeted_search
Generalizable End-to-End Tool-Use RL with Synthetic CodeGym,"Weihua Du, Hailei Gong, Zhan Ling, Kang Liu, Lingfeng Shen, Xuesong Yao, Yufei Xu, Dingyuan Shi, Yiming Yang, Jiecao Chen",2025,ArXiv,arXiv:2509.17325v1,RL used primarily to improve LLM behavior,arxiv,https://arxiv.org/abs/2509.17325v1,targeted_search
GPG: A Simple and Strong Reinforcement Learning Baseline for Model Reasoning,"Xiangxiang Chu, Hailang Huang, Xiao Zhang, Fei Wei, Yong Wang",2025,ArXiv,arXiv:2504.02546v4,Primarily RL-based post-training/alignment for LLMs,arxiv,https://arxiv.org/abs/2504.02546v4,papers.csv|pdf_ref
How Do LLMs Fail In Agentic Scenarios? A Qualitative Analysis of Success and Failure Scenarios of Various LLMs in Agentic Simulations,JV Roig,2025,ArXiv,arXiv:2512.07497v2,Primarily LLM post-training/alignment without explicit RL-environment contribution,arxiv,https://arxiv.org/abs/2512.07497v2,targeted_search
Nemotron-Research-Tool-N1: Exploring Tool-Using Language Models with Reinforced Reasoning,"Shaokun Zhang, Yi Dong, Jieyu Zhang, Jan Kautz, Bryan Catanzaro, Andrew Tao, Qingyun Wu, Zhiding Yu, Guilin Liu",2025,ArXiv,arXiv:2505.00024v2,RL used primarily to improve LLM behavior,arxiv,https://arxiv.org/abs/2505.00024v2,targeted_search
PokeeResearch: Effective Deep Research via Reinforcement Learning from AI Feedback and Robust Reasoning Scaffold,"Yi Wan, Jiuqi Wang, Liam Li, Jinsong Liu, Ruihao Zhu, Zheqing Zhu",2025,ArXiv,arXiv:2510.15862v3,Primarily LLM post-training/alignment without explicit RL-environment contribution,arxiv,https://arxiv.org/abs/2510.15862v3,targeted_search
Process-Supervised Reinforcement Learning for Code Generation,"Association for Computational Linguistics 2025, Huang, Hua, Jiang, Wenbin, Ye, Yufan, Zhang, Ting",2025,Underline Science Inc.,10.48448/jtza-tx22,Primarily LLM post-training/alignment without explicit RL-environment contribution,openalex,https://openalex.org/W7106840916,targeted_search
ReST-RL: Achieving Accurate Code Reasoning of LLMs with Optimized Self-Training and Decoding,"Sining Zhoubian, Dan Zhang, Jie Tang",2025,arXiv (Cornell University),arXiv:2508.19576,Primarily RL-based post-training/alignment for LLMs,arxiv,https://arxiv.org/abs/2508.19576,targeted_search
RLFactory: A Plug-and-Play Reinforcement Learning Post-Training Framework for LLM Multi-Turn Tool-Use,"Jiajun Chai, Guojun Yin, Zekun Xu, Chuhuai Yue, Yi Jia, Siyu Xia, Xiaohan Wang, Jiwen Jiang, Xiaoguang Li, Chengqi Dong, Hang He, Wei Lin",2025,ArXiv,arXiv:2509.06980v1,Primarily LLM post-training/alignment without explicit RL-environment contribution,arxiv,https://arxiv.org/abs/2509.06980v1,targeted_search
ROAD: Reflective Optimization via Automated Debugging for Zero-Shot Agent Alignment,"Natchaya Temyingyong, Daman Jain, Neeraj Kumarsahu, Prabhat Kumar, Rachata Phondi, Wachiravit Modecrua, Krittanon Kaewtawee, Krittin Pachtrachai, Touchapon Kraisingkorn",2025,ArXiv,arXiv:2512.24040v1,Primarily LLM post-training/alignment without explicit RL-environment contribution,arxiv,https://arxiv.org/abs/2512.24040v1,targeted_search
Semantic Soft Bootstrapping: Long Context Reasoning in LLMs without Reinforcement Learning,"Purbesh Mitra, Şennur Ulukuş",2025,arXiv (Cornell University),arXiv:2512.05105,Primarily LLM post-training/alignment without explicit RL-environment contribution,arxiv,https://arxiv.org/abs/2512.05105,targeted_search
Step-wise Policy for Rare-tool Knowledge (SPaRK): Offline RL that Drives Diverse Tool Use in LLMs,"Gabriel Bo, Koa Chang, Justin Gu",2025,ArXiv,arXiv:2507.11371v1,Primarily RL-based post-training/alignment for LLMs,arxiv,https://arxiv.org/abs/2507.11371v1,targeted_search
TableGPT-R1: Advancing Tabular Reasoning Through Reinforcement Learning,"Saisai Yang, Qingyi Huang, Jing Yuan, Liangyu Zha, Kai Tang, Yuhang Yang, Ning Wang, Yucheng Wei, Liyao Li, Wentao Ye, Hao Chen, Tao Zhang, Junlin Zhou, Haobo Wang, Gang Chen, Junbo Zhao",2025,ArXiv.org,arXiv:2512.20312,Primarily LLM post-training/alignment without explicit RL-environment contribution,arxiv,https://arxiv.org/abs/2512.20312,targeted_search
The Alignment Auditor: A Bayesian Framework for Verifying and Refining LLM Objectives,"Matthieu Bou, Nyal Patel, Arjun Jagota, Satyapriya Krishna, Sonali Parbhoo",2025,arXiv (Cornell University),arXiv:2510.06096,Primarily RL-based post-training/alignment for LLMs,arxiv,https://arxiv.org/abs/2510.06096,targeted_search
The Silent Scholar Problem: A Probabilistic Framework for Breaking Epistemic Asymmetry in LLM Agents,"Zan-Kai Chong, Hiroyuki Ohsaki, Bryan Ng",2025,ArXiv,arXiv:2512.20884v1,Primarily RL-based post-training/alignment for LLMs,arxiv,https://arxiv.org/abs/2512.20884v1,targeted_search
The Surprising Effectiveness of Negative Reinforcement in LLM Reasoning,"Xinyu Zhu, Mengzhou Xia, Zhepei Wei, Wei-Lin Chen, Danqi Chen, Yu Meng",2025,ArXiv,arXiv:2506.01347v2,Primarily RL-based post-training/alignment for LLMs,arxiv,https://arxiv.org/abs/2506.01347v2,papers.csv
ToolRL: Reward is All Tool Learning Needs,"Cheng Qian, Emre Can Acikgoz, Qi He, Hongru Wang, Xiusi Chen, Dilek Hakkani-Tür, Gokhan Tur, Heng Ji",2025,ArXiv,arXiv:2504.13958v1,Primarily RL-based post-training/alignment for LLMs,arxiv,https://arxiv.org/abs/2504.13958v1,papers.csv|targeted_search
ToolRM: Towards Agentic Tool-Use Reward Modeling,"Renhao Li, Jianhong Tu, Yang Su, Yantao Liu, Fei Huang, Hamid Alinejad-Rokny, Derek F. Wong, Junyang Lin, Min Yang",2025,ArXiv,arXiv:2510.26167v2,Primarily RL-for-LLM alignment/fine-tuning content,arxiv,https://arxiv.org/abs/2510.26167v2,targeted_search
Turn-PPO: Turn-Level Advantage Estimation with PPO for Improved Multi-Turn RL in Agentic LLMs,"Junbo Li, Peng Zhou, Rui Meng, Meet P. Vadera, Lihong Li, Yang Li",2025,ArXiv,arXiv:2512.17008v2,Primarily RL-based post-training/alignment for LLMs,arxiv,https://arxiv.org/abs/2512.17008v2,targeted_search
VLM-R1: A Stable and Generalizable R1-style Large Vision-Language Model,"Haozhan Shen, Peng Liu, Jingcheng Li, Chunxin Fang, Yibo Ma, Jiajia Liao, Qiaoli Shen, Zilun Zhang, Kangjia Zhao, Qianqian Zhang, Ruochen Xu, Tiancheng Zhao",2025,ArXiv,arXiv:2504.07615v2,RL used primarily to improve LLM behavior,arxiv,https://arxiv.org/abs/2504.07615v2,papers.csv|pdf_ref
W2S-AlignTree: Weak-to-Strong Inference-Time Alignment for Large Language Models via Monte Carlo Tree Search,"Zhenyu Ding, Yuhao Wang, T. Patrick Xiao, Haoying Wang, Guojun Ma, Mingyang Wan",2025,arXiv (Cornell University),arXiv:2511.11518,Title indicates RL-for-LLM alignment/post-training focus,arxiv,https://arxiv.org/abs/2511.11518,papers.csv|pdf_ref|targeted_search
DriveGPT4: Interpretable End-to-End Autonomous Driving Via Large Language Model,"Zhenhua Xu, Yujia Zhang, Enze Xie, Zhao Zhen, Yong Guo, Kenneth K. Wong, Zhenguo Li, Hengshuang Zhao",2024,IEEE Robotics and Automation Letters,10.1109/lra.2024.3440097,Primarily RL-for-LLM alignment/fine-tuning content,openalex,https://openalex.org/W4401386967,citation_expand|pdf_ref
Diffusion Model Alignment Using Direct Preference Optimization,"Bram Wallace, Meihua Dang, Rafael Rafailov, Linqi Zhou, Aaron Lou, Senthil Purushwalkam, Stefano Ermon, Caiming Xiong, Shafiq Joty, Nikhil Naik",2024,2024 IEEE/CVF Conference on Computer Vision and Pattern Recognition (CVPR),10.1109/cvpr52733.2024.00786,Primarily LLM post-training/alignment without explicit RL-environment contribution,openalex,https://openalex.org/W4402753790,papers.csv|pdf_ref
Qwen2.5 Technical Report,"Qwen, :, An Yang, Baosong Yang, Beichen Zhang, Binyuan Hui, Bo Zheng, Bowen Yu, Chengyuan Li, Dayiheng Liu, Fei Huang, Haoran Wei, Huan Lin, Jian Yang, Jianhong Tu, Jianwei Zhang, Jianxin Yang, Jiaxi Yang, Jingren Zhou, Junyang Lin, Kai Dang, Keming Lu, Keqin Bao, Kexin Yang, Le Yu, Mei Li, Mingfeng Xue, Pei Zhang, Qin Zhu, Rui Men, Runji Lin, Tianhao Li, Tianyi Tang, Tingyu Xia, Xingzhang Ren, Xuancheng Ren, Yang Fan, Yang Su, Yichang Zhang, Yu Wan, Yuqiong Liu, Zeyu Cui, Zhenru Zhang, Zihan Qiu",2024,ArXiv,arXiv:2412.15115v2,Primarily LLM post-training/alignment without explicit RL-environment contribution,arxiv,https://arxiv.org/abs/2412.15115v2,papers.csv
"The Ultimate Guide to Fine-Tuning LLMs from Basics to Breakthroughs: An Exhaustive Review of Technologies, Research, Best Practices, Applied Research Challenges and Opportunities","Venkatesh Balavadhani Parthasarathy, Ahtsham Zafar, Aafaq Khan, Arsalan Shahid",2024,ArXiv,arXiv:2408.13296v3,Title indicates RL-for-LLM alignment/post-training focus,arxiv,https://arxiv.org/abs/2408.13296v3,papers.csv
ProAgent: Building Proactive Cooperative Agents with Large Language Models,"Ceyao Zhang, Kaijie Yang, Siyi Hu, Zihao Wang, Guanghe Li, Yihang Sun, Cheng Zhang, Zhaowei Zhang, Anji Liu, Song‐Chun Zhu, Xiaojun Chang, Junge Zhang, Feng Yin, Yitao Liang, Yaodong Yang",2024,Proceedings of the AAAI Conference on Artificial Intelligence,10.1609/aaai.v38i16.29710,Primarily LLM post-training/alignment without explicit RL-environment contribution,openalex,https://openalex.org/W4393147219,citation_expand|papers.csv
InternLM2 Technical Report,"Zheng Cai, Maosong Cao, Haojiong Chen, Kai Chen, Keyu Chen, Xin Chen, Xun Chen, Zehui Chen, Zhi Chen, Pei Chu, Xiaoyi Dong, Haodong Duan, Qi Fan, Zhaoye Fei, Yang Gao, Jiaye Ge, Chenya Gu, Yuzhe Gu, Tao Gui, Aijia Guo, Qipeng Guo, Conghui He, Yingfan Hu, Ting Huang, Tao Jiang, Penglong Jiao, Zhenjiang Jin, Zhikai Lei, Jiaxing Li, Jingwen Li, Linyang Li, Shuaibin Li, Wei Li, Yining Li, Hongwei Liu, Jiangning Liu, Jiawei Hong, Kaiwen Liu, Kuikun Liu, Xiaoran Liu, Chengqi Lv, Haijun Lv, Kai Lv, Li Ma, Runyuan Ma, Zerun Ma, Wenchang Ning, Linke Ouyang, Jiantao Qiu, Yuan Qu, Fukai Shang, Yunfan Shao, Demin Song, Zifan Song, Zhihao Sui, Peng Sun, Yu Sun, Huanze Tang, Bin Wang, Guoteng Wang, Jiaqi Wang, Jiayu Wang, Rui Wang, Yudong Wang, Ziyi Wang, Xingjian Wei, Qizhen Weng, Fan Wu, Yingtong Xiong, Chao Xu, Ruiliang Xu, Hang Yan, Yirong Yan, Xiaogui Yang, Haochen Ye, Huaiyuan Ying, Jia Yu, Jing Yu, Yuhang Zang, Chuyu Zhang, Li Zhang, Pan Zhang, Peng Zhang, Ruijie Zhang, Shuo Zhang, Songyang Zhang, Wenjian Zhang, Wenwei Zhang, Xingcheng Zhang, Xinyue Zhang, Hui Zhao, Qian Zhao, Xiaomeng Zhao, Fengzhe Zhou, Zaida Zhou, Jingming Zhuo, Yicheng Zou, Xipeng Qiu, Yu Qiao, Dahua Lin",2024,ArXiv,arXiv:2403.17297v1,Primarily LLM post-training/alignment without explicit RL-environment contribution,arxiv,https://arxiv.org/abs/2403.17297v1,papers.csv
Using Human Feedback to Fine-tune Diffusion Models without Any Reward Model,"Kai Yang, Jian Tao, Jiafei Lyu, Chunjiang Ge, Jiaxin Chen, Weihan Shen, Xiaolong Zhu, Xiu Li",2024,2024 IEEE/CVF Conference on Computer Vision and Pattern Recognition (CVPR),10.1109/cvpr52733.2024.00854,Primarily RL-based post-training/alignment for LLMs,openalex,https://openalex.org/W4402753770,papers.csv|pdf_ref
ReFT: Reasoning with Reinforced Fine-Tuning,"Trung Quoc Luong, Xinbo Zhang, Zhanming Jie, Peng Sun, Xiaoran Jin, Hang Li",2024,ArXiv,arXiv:2401.08967v3,Primarily RL-based post-training/alignment for LLMs,arxiv,https://arxiv.org/abs/2401.08967v3,papers.csv
Alignment faking in large language models,"Ryan Greenblatt, Carson Denison, Benjamin Wright, Fabien Roger, Monte MacDiarmid, Sam Marks, Johannes Treutlein, Tim Belonax, Jack Chen, David Duvenaud, Akbir Khan, Julian Michael, Sören Mindermann, Ethan Perez, Linda Petrini, Jonathan Uesato, Jared Kaplan, Buck Shlegeris, Samuel R. Bowman, Evan Hubinger",2024,ArXiv,arXiv:2412.14093v2,Primarily LLM post-training/alignment without explicit RL-environment contribution,arxiv,https://arxiv.org/abs/2412.14093v2,papers.csv
Disentangling Length from Quality in Direct Preference Optimization,"Ryan Park, Rafael Rafailov, Stefano Ermon, Chelsea Finn",2024,ArXiv,arXiv:2403.19159v2,Primarily RL-based post-training/alignment for LLMs,arxiv,https://arxiv.org/abs/2403.19159v2,papers.csv
Self-Play Preference Optimization for Language Model Alignment,"Yue Wu, Zhiqing Sun, Huizhuo Yuan, Kaixuan Ji, Yiming Yang, Quanquan Gu",2024,ArXiv,arXiv:2405.00675v5,Primarily RL-based post-training/alignment for LLMs,arxiv,https://arxiv.org/abs/2405.00675v5,papers.csv|pdf_ref
The Language Barrier: Dissecting Safety Challenges of LLMs in Multilingual Contexts,"Lingfeng Shen, Weiting Tan, Sihao Chen, Yunmo Chen, Jingyu Zhang, Haoran Xu, Boyuan Zheng, Philipp Koehn, Daniel Khashabi",2024,ArXiv,arXiv:2401.13136v1,Primarily RL-for-LLM alignment/fine-tuning content,arxiv,https://arxiv.org/abs/2401.13136v1,papers.csv
Interpretable Preferences via Multi-Objective Reward Modeling and Mixture-of-Experts,"Haoxiang Wang, Wei Xiong, Tengyang Xie, Han Zhao, Tong Zhang",2024,ArXiv,arXiv:2406.12845v1,Primarily RL-for-LLM alignment/fine-tuning content,arxiv,https://arxiv.org/abs/2406.12845v1,papers.csv
Is DPO Superior to PPO for LLM Alignment? A Comprehensive Study,"Shusheng Xu, Wei Fu, Jiaxuan Gao, Wenjie Ye, Weilin Liu, Zhiyu Mei, Guangju Wang, Chao Yu, Yi Wu",2024,ArXiv,arXiv:2404.10719v3,Primarily RL-for-LLM alignment/fine-tuning content,arxiv,https://arxiv.org/abs/2404.10719v3,papers.csv
Arithmetic Control of LLMs for Diverse User Preferences: Directional Preference Alignment with Multi-Objective Rewards,"Haoxiang Wang, Yong Lin, Wei Xiong, Rui Yang, Shizhe Diao, Shuang Qiu, Han Zhao, Tong Zhang",2024,ArXiv,arXiv:2402.18571v3,Primarily RL-based post-training/alignment for LLMs,arxiv,https://arxiv.org/abs/2402.18571v3,papers.csv
Personalized Language Modeling from Personalized Human Feedback,"Xinyu Li, Ruiyang Zhou, Zachary C. Lipton, Liu Leqi",2024,ArXiv,arXiv:2402.05133v3,Primarily LLM post-training/alignment without explicit RL-environment contribution,arxiv,https://arxiv.org/abs/2402.05133v3,papers.csv
Direct Language Model Alignment from Online AI Feedback,"Shangmin Guo, Biao Zhang, Tianlin Liu, Tianqi Liu, Misha Khalman, Felipe Llinares, Alexandre Rame, Thomas Mesnard, Yao Zhao, Bilal Piot, Johan Ferret, Mathieu Blondel",2024,ArXiv,arXiv:2402.04792v2,Primarily RL-based post-training/alignment for LLMs,arxiv,https://arxiv.org/abs/2402.04792v2,papers.csv|pdf_ref
Improve Vision Language Model Chain-of-thought Reasoning,"Ruohong Zhang, Bowen Zhang, Yanghao Li, Haotian Zhang, Zhiqing Sun, Zhe Gan, Yinfei Yang, Ruoming Pang, Yiming Yang",2024,ArXiv,arXiv:2410.16198v1,Primarily LLM post-training/alignment without explicit RL-environment contribution,arxiv,https://arxiv.org/abs/2410.16198v1,papers.csv|pdf_ref
Recursive Introspection: Teaching Language Model Agents How to Self-Improve,"Yuxiao Qu, Tianjun Zhang, Naman Garg, Aviral Kumar",2024,ArXiv,arXiv:2407.18219v2,Primarily RL-for-LLM alignment/fine-tuning content,arxiv,https://arxiv.org/abs/2407.18219v2,papers.csv|pdf_ref
RLHF Workflow: From Reward Modeling to Online RLHF,"Hanze Dong, Wei Xiong, Bo Pang, Haoxiang Wang, Han Zhao, Yingbo Zhou, Nan Jiang, Doyen Sahoo, Caiming Xiong, Tong Zhang",2024,ArXiv,arXiv:2405.07863v3,Primarily RL-based post-training/alignment for LLMs,arxiv,https://arxiv.org/abs/2405.07863v3,papers.csv
Understanding the performance gap between online and offline alignment algorithms,"Yunhao Tang, Daniel Zhaohan Guo, Zeyu Zheng, Daniele Calandriello, Yuan Cao, Eugene Tarassov, Rémi Munos, Bernardo Ávila Pires, Michal Valko, Yong Cheng, Will Dabney",2024,ArXiv,arXiv:2405.08448v1,Primarily LLM post-training/alignment without explicit RL-environment contribution,arxiv,https://arxiv.org/abs/2405.08448v1,papers.csv
WARM: On the Benefits of Weight Averaged Reward Models,"Alexandre Ramé, Nino Vieillard, Léonard Hussenot, Robert Dadashi, Geoffrey Cideron, Olivier Bachem, Johan Ferret",2024,ArXiv,arXiv:2401.12187v1,Primarily RL-for-LLM alignment/fine-tuning content,arxiv,https://arxiv.org/abs/2401.12187v1,papers.csv
ArCHer: Training Language Model Agents via Hierarchical Multi-Turn RL,"Yifei Zhou, Andrea Zanette, Jiayi Pan, Sergey Levine, Aviral Kumar",2024,ArXiv,arXiv:2402.19446v1,Primarily RL-for-LLM alignment/fine-tuning content,arxiv,https://arxiv.org/abs/2402.19446v1,papers.csv|pdf_ref
Direct Nash Optimization: Teaching Language Models to Self-Improve with General Preferences,"Corby Rosset, Ching-An Cheng, Arindam Mitra, Michael Santacroce, Ahmed Awadallah, Tengyang Xie",2024,ArXiv,arXiv:2404.03715v1,Primarily RL-based post-training/alignment for LLMs,arxiv,https://arxiv.org/abs/2404.03715v1,papers.csv
Generating Plausible and Context-Appropriate Comments on Social Media Posts: A Large Language Model-Based Approach,Taehyun Ha,2024,IEEE Access,10.1109/access.2024.3488903,Primarily RL-for-LLM alignment/fine-tuning content,openalex,https://openalex.org/W4403936803,citation_expand|pdf_ref
Generative Reward Models,"Dakota Mahan, Duy Van Phung, Rafael Rafailov, Chase Blagden, Nathan Lile, Louis Castricato, Jan-Philipp Fränken, Chelsea Finn, Alon Albalak",2024,ArXiv,arXiv:2410.12832v1,Primarily LLM post-training/alignment without explicit RL-environment contribution,arxiv,https://arxiv.org/abs/2410.12832v1,papers.csv
MaxMin-RLHF: Alignment with Diverse Human Preferences,"Souradip Chakraborty, Jiahao Qiu, Hui Yuan, Alec Koppel, Furong Huang, Dinesh Manocha, Amrit Singh Bedi, Mengdi Wang",2024,arXiv (Cornell University),arXiv:2402.08925,Primarily LLM post-training/alignment without explicit RL-environment contribution,openalex,https://openalex.org/W4391835636,papers.csv
Scaling Laws for Reward Model Overoptimization in Direct Alignment Algorithms,"Rafael Rafailov, Yaswanth Chittepu, Ryan Park, Harshit Sikchi, Joey Hejna, Bradley Knox, Chelsea Finn, Scott Niekum",2024,ArXiv,arXiv:2406.02900v2,Primarily LLM post-training/alignment without explicit RL-environment contribution,arxiv,https://arxiv.org/abs/2406.02900v2,papers.csv|pdf_ref
Teaching Large Language Models to Reason with Reinforcement Learning,"Alex Havrilla, Yuqing Du, Sharath Chandra Raparthy, Christoforos Nalmpantis, Jane Dwivedi-Yu, Maksym Zhuravinskyi, Eric Hambro, Sainbayar Sukhbaatar, Roberta Raileanu",2024,ArXiv,arXiv:2403.04642v1,Primarily LLM post-training/alignment without explicit RL-environment contribution,arxiv,https://arxiv.org/abs/2403.04642v1,papers.csv|pdf_ref
Critique-out-Loud Reward Models,"Zachary Ankner, Mansheej Paul, Baoqun Cui, Jonathan D. Chang, Prithviraj Ammanabrolu",2024,arXiv (Cornell University),arXiv:2408.11791,Primarily LLM post-training/alignment without explicit RL-environment contribution,openalex,https://openalex.org/W4405418995,papers.csv
From $r$ to $Q^*$: Your Language Model is Secretly a Q-Function,"Rafael Rafailov, Joey Hejna, Ryan S. Park, Chelsea Finn",2024,arXiv (Cornell University),arXiv:2404.12358,Primarily LLM post-training/alignment without explicit RL-environment contribution,openalex,https://openalex.org/W4394972204,papers.csv|pdf_ref
Multi-turn Reinforcement Learning from Preference Human Feedback,"Lior Shani, Aviv Rosenberg, Asaf Cassel, Oran Lang, Daniele Calandriello, Avital Zipori, Hila Noga, Orgad Keller, Bilal Piot, Idan Szpektor, Avinatan Hassidim, Yossi Matias, Rémi Munos",2024,ArXiv,arXiv:2405.14655v2,Primarily RL-for-LLM alignment/fine-tuning content,arxiv,https://arxiv.org/abs/2405.14655v2,papers.csv
ODIN: Disentangled Reward Mitigates Hacking in RLHF,"Lichang Chen, Chen Zhu, Davit Soselia, Jiuhai Chen, Tianyi Zhou, Tom Goldstein, Heng Huang, Mohammad Shoeybi, Bryan Catanzaro",2024,ArXiv,arXiv:2402.07319v1,Primarily LLM post-training/alignment without explicit RL-environment contribution,arxiv,https://arxiv.org/abs/2402.07319v1,papers.csv
"OpenRLHF: An Easy-to-use, Scalable and High-performance RLHF Framework","Jian Hu, Xibin Wu, Wei Shen, Jason Klein Liu, Zilin Zhu, Weixun Wang, Songlin Jiang, Haoran Wang, Hao Chen, Bin Chen, Weikai Fang, Xianyu, Yu Cao, Haotian Xu, Yiming Liu",2024,ArXiv,arXiv:2405.11143v6,Primarily LLM post-training/alignment without explicit RL-environment contribution,arxiv,https://arxiv.org/abs/2405.11143v6,papers.csv
ARGS: Alignment as Reward-Guided Search,"Maxim Khanov, Jirayu Burapacheep, Yixuan Li",2024,ArXiv,arXiv:2402.01694v1,Primarily RL-for-LLM alignment/fine-tuning content,arxiv,https://arxiv.org/abs/2402.01694v1,papers.csv
DeepSeekMath: Pushing the Limits of Mathematical Reasoning in Open Language Models,"Zhihong Shao, Peiyi Wang, Qihao Zhu, Runxin Xu, Junxiao Song, Xiao Bi, Haowei Zhang, Mingchuan Zhang, Y. K. Li, Y. Wu, Daya Guo",2024,ArXiv,arXiv:2402.03300v3,Primarily RL-based post-training/alignment for LLMs,arxiv,https://arxiv.org/abs/2402.03300v3,papers.csv
DPO Meets PPO: Reinforced Token Optimization for RLHF,"Han Zhong, Zikang Shan, Guhao Feng, Wei Xiong, Xinle Cheng, Li Zhao, Di He, Jiang Bian, Liwei Wang",2024,ArXiv,arXiv:2404.18922v4,Primarily LLM post-training/alignment without explicit RL-environment contribution,arxiv,https://arxiv.org/abs/2404.18922v4,papers.csv
Group Robust Preference Optimization in Reward-free RLHF,"Shyam Sundhar Ramesh, Yifan Hu, Iason Chaimalas, Viraj Mehta, Pier Giuseppe Sessa, Haitham Bou Ammar, Ilija Bogunovic",2024,ArXiv,arXiv:2405.20304v1,Primarily RL-for-LLM alignment/fine-tuning content,arxiv,https://arxiv.org/abs/2405.20304v1,papers.csv
Regularizing Hidden States Enables Learning Generalizable Reward Model for LLMs,"Rui Yang, Ruomeng Ding, Yong Lin, Huan Zhang, Tong Zhang",2024,ArXiv,arXiv:2406.10216v2,Primarily LLM post-training/alignment without explicit RL-environment contribution,arxiv,https://arxiv.org/abs/2406.10216v2,papers.csv|pdf_ref
Value-Incentivized Preference Optimization: A Unified Approach to Online and Offline RLHF,"Shicong Cen, Jincheng Mei, Katayoon Goshvadi, Hanjun Dai, Tong Yang, Sherry Yang, Dale Schuurmans, Yuejie Chi, Bo Dai",2024,ArXiv,arXiv:2405.19320v4,Primarily RL-for-LLM alignment/fine-tuning content,arxiv,https://arxiv.org/abs/2405.19320v4,papers.csv
Direct Preference Optimization: Your Language Model is Secretly a Reward Model,"Rafael Rafailov, Archit Sharma, Eric Mitchell, Stefano Ermon, Christopher D. Manning, Chelsea Finn",2023,arXiv (Cornell University),arXiv:2305.18290,Primarily RL-based post-training/alignment for LLMs,openalex,https://openalex.org/W4378771755,papers.csv|pdf_ref
OpenAssistant Conversations -- Democratizing Large Language Model Alignment,"Andreas Köpf, Yannic Kilcher, Dimitri von Rütte, Sotiris Anagnostidis, Zhi-Rui Tam, Keith Stevens, Abdullah Barhoum, Nguyen Minh Duc, Oliver Stanley, Richárd Nagyfi, Shahul ES, Sameer Suri, David Glushkov, Arnav Dantuluri, Andrew Maguire, Christoph Schuhmann, Huu Nguyen, Alexander Mattick",2023,ArXiv,arXiv:2304.07327v2,Primarily RL-for-LLM alignment/fine-tuning content,arxiv,https://arxiv.org/abs/2304.07327v2,papers.csv|pdf_ref
Larger language models do in-context learning differently,"Jerry Wei, Jason Wei, Yi Tay, Dustin Tran, Albert Webson, Yifeng Lu, Xinyun Chen, Hanxiao Liu, Da Huang, Denny Zhou, Tengyu Ma",2023,ArXiv,arXiv:2303.03846v2,Primarily RL-for-LLM alignment/fine-tuning content,arxiv,https://arxiv.org/abs/2303.03846v2,pdf_ref
Aligning Large Multimodal Models with Factually Augmented RLHF,"Zhiqing Sun, Sheng Shen, Shengcao Cao, Haotian Liu, Chunyuan Li, Yikang Shen, Chuang Gan, Liang-Yan Gui, Yu-Xiong Wang, Yiming Yang, Kurt Keutzer, Trevor Darrell",2023,ArXiv,arXiv:2309.14525v1,Primarily RL-for-LLM alignment/fine-tuning content,arxiv,https://arxiv.org/abs/2309.14525v1,papers.csv
Language Models can Solve Computer Tasks,"Geunwoo Kim, Pierre Baldi, Stephen McAleer",2023,ArXiv,arXiv:2303.17491v3,RL used primarily to improve LLM behavior,arxiv,https://arxiv.org/abs/2303.17491v3,papers.csv
RLAIF vs. RLHF: Scaling Reinforcement Learning from Human Feedback with AI Feedback,"Harrison Lee, Samrat Phatale, Hassan Mansoor, Kellie Lu, Thomas Mesnard, Colton Bishop, Victor Cărbune, Abhinav Rastogi, Carbune, Victor, Rastogi, Abhinav, Prakash, Sushant",2023,arXiv (Cornell University),arXiv:2309.00267,Primarily RL-for-LLM alignment/fine-tuning content,openalex,https://openalex.org/W4386437475,papers.csv
Principle-Driven Self-Alignment of Language Models from Scratch with Minimal Human Supervision,"Zhiqing Sun, Yikang Shen, Qinhong Zhou, Hongxin Zhang, Zhenfang Chen, David Cox, Yiming Yang, Chuang Gan",2023,ArXiv,arXiv:2305.03047v2,Primarily RL-based post-training/alignment for LLMs,arxiv,https://arxiv.org/abs/2305.03047v2,papers.csv
No More Manual Tests? Evaluating and Improving ChatGPT for Unit Test Generation,"Zhiqiang Yuan, Yiling Lou, Mingwei Liu, Shiji Ding, Kaixin Wang, Yixuan Chen, Xin Peng",2023,ArXiv,arXiv:2305.04207v3,Primarily RL-for-LLM alignment/fine-tuning content,arxiv,https://arxiv.org/abs/2305.04207v3,papers.csv
Preference Ranking Optimization for Human Alignment,"Feifan Song, Bowen Yu, Minghao Li, Haiyang Yu, Fei Huang, Yongbin Li, Houfeng Wang",2023,ArXiv,arXiv:2306.17492v2,Primarily LLM post-training/alignment without explicit RL-environment contribution,arxiv,https://arxiv.org/abs/2306.17492v2,papers.csv
Boosting Theory-of-Mind Performance in Large Language Models via Prompting,"Shima Rahimi Moghaddam, Christopher J. Honey",2023,ArXiv,arXiv:2304.11490v3,Primarily LLM post-training/alignment without explicit RL-environment contribution,arxiv,https://arxiv.org/abs/2304.11490v3,papers.csv
RRHF: Rank Responses to Align Language Models with Human Feedback without tears,"Zheng Yuan, Hongyi Yuan, Chuanqi Tan, Wei Wang, Songfang Huang, Fei Huang",2023,ArXiv,arXiv:2304.05302v3,Primarily LLM post-training/alignment without explicit RL-environment contribution,arxiv,https://arxiv.org/abs/2304.05302v3,papers.csv
RewriteLM: An Instruction-Tuned Large Language Model for Text Rewriting,"Lei Shu, Liangchen Luo, Jayakumar Hoskere, Yun Zhu, Yinxiao Liu, Simon Tong, Jindong Chen, Lei Meng",2023,ArXiv,arXiv:2305.15685v2,Primarily RL-for-LLM alignment/fine-tuning content,arxiv,https://arxiv.org/abs/2305.15685v2,papers.csv|pdf_ref
Safe RLHF: Safe Reinforcement Learning from Human Feedback,"Josef Dai, Xuehai Pan, Ruiyang Sun, Jiaming Ji, Xinbo Xu, Mickel Liu, Yizhou Wang, Yaodong Yang",2023,ArXiv,arXiv:2310.12773v1,Primarily LLM post-training/alignment without explicit RL-environment contribution,arxiv,https://arxiv.org/abs/2310.12773v1,papers.csv
UltraFeedback: Boosting Language Models with Scaled AI Feedback,"Ganqu Cui, Lifan Yuan, Ning Ding, Guanming Yao, Bingxiang He, Wei Zhu, Yuan Ni, Guotong Xie, Ruobing Xie, Yankai Lin, Zhiyuan Liu, Maosong Sun",2023,ArXiv,arXiv:2310.01377v2,Primarily RL-for-LLM alignment/fine-tuning content,arxiv,https://arxiv.org/abs/2310.01377v2,papers.csv
Secrets of RLHF in Large Language Models Part I: PPO,"Rui Zheng, Shihan Dou, Songyang Gao, Yuan Hua, Wei Shen, Binghai Wang, Yan Liu, Senjie Jin, Qin Liu, Yuhao Zhou, Limao Xiong, Lu Chen, Zhiheng Xi, Nuo Xu, Wenbin Lai, Minghao Zhu, Cheng Chang, Zhangyue Yin, Rongxiang Weng, Wensen Cheng, Haoran Huang, Tianxiang Sun, Hang Yan, Tao Gui, Qi Zhang, Xipeng Qiu, Xuanjing Huang",2023,ArXiv,arXiv:2307.04964v2,Title indicates RL-for-LLM alignment/post-training focus,arxiv,https://arxiv.org/abs/2307.04964v2,papers.csv
Okapi: Instruction-tuned Large Language Models in Multiple Languages with Reinforcement Learning from Human Feedback,"Viet Dac Lai, Chien Van Nguyen, Nghia Trung Ngo, Thuat Nguyen, Franck Dernoncourt, Ryan A. Rossi, Thien Huu Nguyen",2023,ArXiv,arXiv:2307.16039v2,Primarily RL-for-LLM alignment/fine-tuning content,arxiv,https://arxiv.org/abs/2307.16039v2,papers.csv
Reinforced Self-Training (ReST) for Language Modeling,"Çaǧlar Gülçehre, Tom Le Paine, Srivatsan Srinivasan, Ksenia Konyushkova, Lotte Weerts, Abhishek Sharma, Aditya Siddhant, Alex Ahern, Miaosen Wang, Chenjie Gu, Wolfgang Macherey, Randal Douc, Orhan Fırat, Nando de Freitas",2023,arXiv (Cornell University),arXiv:2308.08998,Primarily LLM post-training/alignment without explicit RL-environment contribution,openalex,https://openalex.org/W4386080611,papers.csv
Understanding the Effects of RLHF on LLM Generalisation and Diversity,"Robert Kirk, Ishita Mediratta, Christoforos Nalmpantis, Jelena Luketina, Eric Hambro, Edward Grefenstette, Roberta Raileanu",2023,ArXiv,arXiv:2310.06452v3,Primarily RL-based post-training/alignment for LLMs,arxiv,https://arxiv.org/abs/2310.06452v3,papers.csv
The Unlocking Spell on Base LLMs: Rethinking Alignment via In-Context Learning,"Bill Yuchen Lin, Abhilasha Ravichander, Ximing Lu, Nouha Dziri, Melanie Sclar, Khyathi Chandu, Chandra Bhagavatula, Yejin Choi",2023,ArXiv,arXiv:2312.01552v1,Primarily LLM post-training/alignment without explicit RL-environment contribution,arxiv,https://arxiv.org/abs/2312.01552v1,papers.csv
Statistical Rejection Sampling Improves Preference Optimization,"Tianqi Liu, Yao Zhao, Rishabh Joshi, Misha Khalman, Mohammad Saleh, Peter J. Liu, Jialu Liu",2023,ArXiv,arXiv:2309.06657v2,Primarily LLM post-training/alignment without explicit RL-environment contribution,arxiv,https://arxiv.org/abs/2309.06657v2,papers.csv
Personalized Soups: Personalized Large Language Model Alignment via Post-hoc Parameter Merging,"Joel Jang, Seungone Kim, Bill Yuchen Lin, Yizhong Wang, Jack Hessel, Luke Zettlemoyer, Hannaneh Hajishirzi, Yejin Choi, Prithviraj Ammanabrolu",2023,ArXiv,arXiv:2310.11564v1,Primarily LLM post-training/alignment without explicit RL-environment contribution,arxiv,https://arxiv.org/abs/2310.11564v1,papers.csv|pdf_ref
"ReMax: A Simple, Effective, and Efficient Reinforcement Learning Method for Aligning Large Language Models","Ziniu Li, Tian Xu, Yushun Zhang, Zhihang Lin, Yang Yu, Ruoyu Sun, Zhi-Quan Luo",2023,ArXiv,arXiv:2310.10505v4,Primarily RL-for-LLM alignment/fine-tuning content,arxiv,https://arxiv.org/abs/2310.10505v4,papers.csv
Vision-Language Models are Zero-Shot Reward Models for Reinforcement Learning,"Juan Rocamonde, Victoriano Montesinos, Elvis Nava, Ethan Perez, David Lindner",2023,ArXiv,arXiv:2310.12921v2,RL used primarily to improve LLM behavior,arxiv,https://arxiv.org/abs/2310.12921v2,papers.csv|pdf_ref
Vision-Language Models are Zero-Shot Reward Models for Reinforcement Learning,"Juan Rocamonde, Victoriano Montesinos, Elvis Nava, Ethan Perez, David Lindner",2023,arXiv (Cornell University),arXiv:2310.12921,RL used primarily to improve LLM behavior,openalex,https://openalex.org/W4387839182,papers.csv|pdf_ref
Pairwise Proximal Policy Optimization: Harnessing Relative Feedback for LLM Alignment,"Tianhao Wu, Banghua Zhu, Ruoyu Zhang, Zhaojin Wen, Kannan Ramchandran, Jiantao Jiao",2023,ArXiv,arXiv:2310.00212v3,Primarily RL-based post-training/alignment for LLMs,arxiv,https://arxiv.org/abs/2310.00212v3,papers.csv
Aligning Large Language Models with Human Preferences through Representation Engineering,"Wenhao Liu, Xiaohua Wang, Muling Wu, Tianlong Li, Changze Lv, Zixuan Ling, Jianhao Zhu, Cenyuan Zhang, Xiaoqing Zheng, Xuanjing Huang",2023,ArXiv,arXiv:2312.15997v3,Primarily RL-for-LLM alignment/fine-tuning content,arxiv,https://arxiv.org/abs/2312.15997v3,papers.csv
Beyond Reverse KL: Generalizing Direct Preference Optimization with Diverse Divergence Constraints,"Chaoqi Wang, Yibo Jiang, Chenghao Yang, Han Liu, Yuxin Chen",2023,ArXiv,arXiv:2309.16240v1,Primarily LLM post-training/alignment without explicit RL-environment contribution,arxiv,https://arxiv.org/abs/2309.16240v1,papers.csv
Nash Learning from Human Feedback,"Rémi Munos, Michal Valko, Daniele Calandriello, Mohammad Gheshlaghi Azar, Mark Rowland, Zhaohan Daniel Guo, Yunhao Tang, Matthieu Geist, Thomas Mesnard, Andrea Michi, Marco Selvi, Sertan Girgin, Nikola Momchev, Olivier Bachem, Daniel J. Mankowitz, Doina Precup, Bilal Piot",2023,ArXiv,arXiv:2312.00886v4,Primarily RL-for-LLM alignment/fine-tuning content,arxiv,https://arxiv.org/abs/2312.00886v4,papers.csv
Reward Model Ensembles Help Mitigate Overoptimization,"Thomas Coste, Usman Anwar, Robert Kirk, David Krueger",2023,ArXiv,arXiv:2310.02743v2,Primarily LLM post-training/alignment without explicit RL-environment contribution,arxiv,https://arxiv.org/abs/2310.02743v2,papers.csv|pdf_ref
Iterative Preference Learning from Human Feedback: Bridging Theory and Practice for RLHF under KL-Constraint,"Wei Xiong, Hanze Dong, Chenlu Ye, Han Zhong, Nan Jiang, Tong Zhang, Jiang, Nan, Zhang, Tong",2023,arXiv (Cornell University),arXiv:2312.11456,Primarily LLM post-training/alignment without explicit RL-environment contribution,openalex,https://openalex.org/W4389974747,papers.csv
SALMON: Self-Alignment with Instructable Reward Models,"Zhiqing Sun, Yikang Shen, Hongxin Zhang, Qinhong Zhou, Zhenfang Chen, David Cox, Yiming Yang, Chuang Gan",2023,arXiv (Cornell University),arXiv:2310.05910,Primarily RL-based post-training/alignment for LLMs,openalex,https://openalex.org/W4387560550,papers.csv
Training language models to follow instructions with human feedback,"Long Ouyang, Jeff Wu, Xu Jiang, Diogo Almeida, Carroll L. Wainwright, Pamela Mishkin, Chong Zhang, Sandhini Agarwal, Katarina Slama, Alex Ray, John Schulman, Jacob Hilton, Fraser Kelton, Luke E. Miller, Maddie Simens, Amanda Askell, Peter Welinder, Paul Christiano, Jan Leike, Ryan Lowe",2022,arXiv (Cornell University),arXiv:2203.02155,RL used primarily to improve LLM behavior,openalex,https://openalex.org/W4226278401,citation_expand|papers.csv|pdf_ref
Training a Helpful and Harmless Assistant with Reinforcement Learning from Human Feedback,"Yuntao Bai, Andy Jones, Kamal Ndousse, Amanda Askell, Anna Chen, Nova DasSarma, Dawn Drain, Stanislav Fort, Deep Ganguli, Tom Henighan, Nicholas Joseph, Saurav Kadavath, Jackson Kernion, Tom Conerly, Sheer El-Showk, Nelson Elhage, Zac Hatfield-Dodds, Danny Hernandez, Tristan Hume, Scott Johnston, Shauna Kravec, Liane Lovitt, Neel Nanda, Catherine Olsson, Dario Amodei, Tom Brown, Jack Clark, Sam McCandlish, Chris Olah, Ben Mann, Jared Kaplan",2022,ArXiv,arXiv:2204.05862v1,Primarily LLM post-training/alignment without explicit RL-environment contribution,arxiv,https://arxiv.org/abs/2204.05862v1,papers.csv
"Is Reinforcement Learning (Not) for Natural Language Processing: Benchmarks, Baselines, and Building Blocks for Natural Language Policy Optimization","Rajkumar Ramamurthy, Prithviraj Ammanabrolu, Kianté Brantley, Jack Hessel, Rafet Sifa, Christian Bauckhage, Hannaneh Hajishirzi, Yejin Choi",2022,ArXiv,arXiv:2210.01241v3,Primarily LLM post-training/alignment without explicit RL-environment contribution,arxiv,https://arxiv.org/abs/2210.01241v3,papers.csv
Quark: Controllable Text Generation with Reinforced Unlearning,"Ximing Lu, Sean Welleck, Jack Hessel, Liwei Jiang, Lianhui Qin, Peter West, Prithviraj Ammanabrolu, Yejin Choi",2022,ArXiv,arXiv:2205.13636v2,RL used primarily to improve LLM behavior,arxiv,https://arxiv.org/abs/2205.13636v2,papers.csv
Learning to summarize from human feedback,Nisan Stiennon,2020,arXiv (Cornell University),arXiv:2009.01325,Primarily RL-for-LLM alignment/fine-tuning content,openalex,https://openalex.org/W3082115681,pdf_ref
